collection_slug,collection_name,nft_identifier,nft_name,token_id,sale_price_wei,sale_price_eth,sale_timestamp,sale_timestamp_unix,twitter_search_start,twitter_search_end,twitter_keywords,buyer,seller,transaction_hash,opensea_url,floor_price,total_volume,num_owners,tweet_count,avg_sentiment,sentiment_confidence,consensus_quality,positive_tweets,negative_tweets,neutral_tweets,sentiment_range_min,sentiment_range_max,rarity_score,rarity_rank,rarity_max_rank,rarity_tokens_scored,trait_count
boredapeyachtclub,boredapeyachtclub,33,,33,160000000000000000,0.16,2021-04-30T12:38:59+00:00,1619786339,2021-04-23T12:38:59+00:00,2021-04-30T12:38:59+00:00,['boredapeyachtclub 33'],0x0b742783bfac8d4b6d332e5d1b63f433fcd8c0a0,0x8e05bd9fa3059ec69c15bc1a6f4d94f0ac26ce00,0x327a3ae8a7c87c4483e7caadd3c1fa80c5cad590ec3103bf757a3488cbe4fc36,https://opensea.io/assets/ethereum/0xbc4ca0eda7647a8ab7c2061c2e118a18a936f13d/33,0,0,0,223,0.3,0.4036697247706422,0.9,44,6,59,0.3,0.3,,2212.0,,0.0,
boredapeyachtclub,boredapeyachtclub,9816,,9816,3800000000000000000,3.8,2021-06-30T23:55:36+00:00,1625097336,2021-06-23T23:55:36+00:00,2021-06-30T23:55:36+00:00,['boredapeyachtclub 9816'],0xa1678ce295f62dc29136eebb4c4c4226cc4bb80c,0xe1b013d2193daa6065a9b938da5499b91ef13a33,0x1a52940f8a97dce3a21a86820db7f097ac7fabf967775de2318b20a19db61d95,https://opensea.io/assets/ethereum/0xbc4ca0eda7647a8ab7c2061c2e118a18a936f13d/9816,0,0,0,255,0.4,0.4854368932038835,0.9,50,8,45,0.4,0.4,,4550.0,,0.0,
boredapeyachtclub,boredapeyachtclub,2760,,2760,43250000000000000000,43.25,2021-08-31T22:40:58+00:00,1630449658,2021-08-24T22:40:58+00:00,2021-08-31T22:40:58+00:00,['boredapeyachtclub 2760'],0x16e13d9f28e2c3aced2dd3cb383e0b68fd7a3c56,0x0eac6a6ce95bc1ee0c561fb8406afa4be8c7046c,0x7b39c051ede709ace0bab182938189dd41564830fc3df9452584f058007f9d59,https://opensea.io/assets/ethereum/0xbc4ca0eda7647a8ab7c2061c2e118a18a936f13d/2760,0,0,0,271,0.4,0.4406779661016949,0.9,52,13,53,0.4,0.4,,7976.0,,0.0,
boredapeyachtclub,boredapeyachtclub,9370,,9370,34001000000000000000,34.001,2021-10-31T22:11:37+00:00,1635718297,2021-10-24T22:11:37+00:00,2021-10-31T22:11:37+00:00,['boredapeyachtclub 9370'],0x1d599caf615654afa60b907c77a2867d56655f87,0x56e6be28a28db262bee0c5d58a1f0d083f5d7b50,0xb30a9d8ee79eea4ceb09cc01fa937e65620755e7a93872c5f0084e89f3a682f3,https://opensea.io/assets/ethereum/0xbc4ca0eda7647a8ab7c2061c2e118a18a936f13d/9370,0,0,0,272,0.4,0.42016806722689076,0.9,50,11,58,0.4,0.4,,5004.0,,0.0,
boredapeyachtclub,boredapeyachtclub,3529,,3529,169000000000000000000,169.0,2021-12-31T23:49:29+00:00,1640994569,2021-12-24T23:49:29+00:00,2021-12-31T23:49:29+00:00,['boredapeyachtclub 3529'],0xd7301f48c9924a566ee2906f1b7ed28ff3a36c3f,0xfefc2850b25fe1aa3e9aa154df61c6b9bc7aa374,0x0444af9de8408d3bc98871630a43a7dd01c92eb37c7d2ab2faa4339f1e74f7b7,https://opensea.io/assets/ethereum/0xbc4ca0eda7647a8ab7c2061c2e118a18a936f13d/3529,0,0,0,271,0.4,0.5333333333333333,0.9,56,15,34,0.4,0.4,,53.0,,0.0,
boredapeyachtclub,boredapeyachtclub,5844,,5844,98000000000000000000,98.0,2022-02-28T23:00:29+00:00,1646089229,2022-02-21T23:00:29+00:00,2022-02-28T23:00:29+00:00,['boredapeyachtclub 5844'],0x0950541696888bcfac9af6a5c479871d3e583cac,0xe7e9ea373f253e71d12f6896785777a6a55189f4,0x1757ed23ae3edfc875eed9788e94718756143ab26fb360cc33977e6802043597,https://opensea.io/assets/ethereum/0xbc4ca0eda7647a8ab7c2061c2e118a18a936f13d/5844,0,0,0,292,0.3,0.42574257425742573,0.9,43,6,52,0.3,0.3,,3780.0,,0.0,
boredapeyachtclub,boredapeyachtclub,1057,,1057,165000000000000000000,165.0,2022-04-30T23:53:23+00:00,1651362803,2022-04-23T23:53:23+00:00,2022-04-30T23:53:23+00:00,['boredapeyachtclub 1057'],0xb4f3c1f05076933661d7ad8c7bd0c620832bbbc0,0x0845fc89c51b2bcd1c3b0db9dbca497d641ec7d3,0xe0b148189ddf6b664a3ab5d91ea5766cae4587d03c9bca0491a7a514eab52814,https://opensea.io/assets/ethereum/0xbc4ca0eda7647a8ab7c2061c2e118a18a936f13d/1057,0,0,0,263,0.4,0.5,0.9,49,11,38,0.4,0.4,,3211.0,,0.0,
boredapeyachtclub,boredapeyachtclub,8851,,8851,100000000000000000000,100.0,2022-06-30T23:38:02+00:00,1656632282,2022-06-23T23:38:02+00:00,2022-06-30T23:38:02+00:00,['boredapeyachtclub 8851'],0x2e9a18d66f2fc535497cfb395d7f1bcb6746e582,0x1118294352846750303e015ae6f1fc916ecc2421,,https://opensea.io/assets/ethereum/0xbc4ca0eda7647a8ab7c2061c2e118a18a936f13d/8851,0,0,0,256,0.3,0.5263157894736842,0.9,50,11,34,0.3,0.3,,4321.0,,0.0,
boredapeyachtclub,boredapeyachtclub,4673,,4673,109000000000000000000,109.0,2022-08-31T19:10:29+00:00,1661973029,2022-08-24T19:10:29+00:00,2022-08-31T19:10:29+00:00,['boredapeyachtclub 4673'],0xe4e968b3abe7123f18b318e8ad17ce3826b5cff6,0x4836ae11037f696693c2916834754fa6c2ecc27d,0x297d6c8b6e9670149c1c3034d7924dc812078738e3eec0b22997b84d7535d4bf,https://opensea.io/assets/ethereum/0xbc4ca0eda7647a8ab7c2061c2e118a18a936f13d/4673,0,0,0,262,0.6,0.5981308411214953,0.9,64,6,37,0.6,0.6,,9647.0,,0.0,
boredapeyachtclub,boredapeyachtclub,4597,,4597,68500000000000000000,68.5,2022-10-31T21:31:59+00:00,1667251919,2022-10-24T21:31:59+00:00,2022-10-31T21:31:59+00:00,['boredapeyachtclub 4597'],0xc3a1528df68db9b0e1f28edd7b3c4958550702d1,0x0b4b15443868997a77be4865c9f25273f9618ed8,0x14572c6547c4759540dae338670faf24c4951a2c2867bc9df468f17d3a52020d,https://opensea.io/assets/ethereum/0xbc4ca0eda7647a8ab7c2061c2e118a18a936f13d/4597,0,0,0,62,0.5,0.6818181818181818,0.9,15,1,6,0.5,0.5,,3143.0,,0.0,
cryptopunks,cryptopunks,2855,CryptoPunk #2855,2855,600000000000000000,0.6,2020-02-29T22:26:35+00:00,1583015195,2020-02-22T22:26:35+00:00,2020-02-29T22:26:35+00:00,['CryptoPunk #2855'],0x89447f2ca722481d1399ae08b4d7e9471883f6c8,,0xca80d4db892ca3c42a87f970362c77ecf42ac0375a9a1c86ca6cbfb83372041b,https://opensea.io/assets/ethereum/0xb47e3cd837ddf8e4c57f05d70ab865de6e193bbb/2855,0,0,0,138,0.4,0.41025641025641024,0.9,16,2,21,0.4,0.4,,,,,
cryptopunks,cryptopunks,4201,CryptoPunk #4201,4201,560000000000000000,0.56,2020-02-26T17:51:20+00:00,1582739480,2020-02-19T17:51:20+00:00,2020-02-26T17:51:20+00:00,['CryptoPunk #4201'],0xbf5c6d85510e491cd45d1264fffec0c2c4282564,,0xb3fcf7141b07c1c0b849282eca72fcea3dbcb4cc8c67a703066a3f4871541a05,https://opensea.io/assets/ethereum/0xb47e3cd837ddf8e4c57f05d70ab865de6e193bbb/4201,0,0,0,152,0.4,0.46808510638297873,0.9,22,4,21,0.4,0.4,,,,,
cryptopunks,cryptopunks,4511,CryptoPunk #4511,4511,660000000000000000,0.66,2020-04-30T01:54:52+00:00,1588211692,2020-04-23T01:54:52+00:00,2020-04-30T01:54:52+00:00,['CryptoPunk #4511'],0x8dbbca57ea56290efa14d835bbfd34faf1d89753,,0x824c72e73e1f49a6b256c8c6a3800db985294137e12070a2736e97146436b850,https://opensea.io/assets/ethereum/0xb47e3cd837ddf8e4c57f05d70ab865de6e193bbb/4511,0,0,0,134,0.3,0.358974358974359,0.9,14,8,17,0.3,0.3,,,,,
cryptopunks,cryptopunks,7631,CryptoPunk #7631,7631,125000000000000000,0.125,2020-06-30T20:08:22+00:00,1593547702,2020-06-23T20:08:22+00:00,2020-06-30T20:08:22+00:00,['CryptoPunk #7631'],0xdc569ce2fc0bb5f2f8c3c6fb671259d8965e029c,0x48db199821bbd5be47c29bb242e3cdf1ef099d7e,0xf635bdc3e885d63363032d9b8ae1e614bb87af111431067e652cd94e2ca69196,https://opensea.io/assets/ethereum/0xb47e3cd837ddf8e4c57f05d70ab865de6e193bbb/7631,0,0,0,152,0.4,0.39622641509433965,0.9,21,3,29,0.4,0.4,,,,,
cryptopunks,cryptopunks,8926,CryptoPunk #8926,8926,800000000000000000,0.8,2020-08-31T20:24:32+00:00,1598905472,2020-08-24T20:24:32+00:00,2020-08-31T20:24:32+00:00,['CryptoPunk #8926'],0x0000000000000000000000000000000000000000,0xcc81b4631c4b321421267c1d4b43e7b2d7c52a23,0x6ddaa3a8807fb773ac7a6b88a506cc63c127ff3dbd62b4b77cb32c3b757d1103,https://opensea.io/assets/ethereum/0xb47e3cd837ddf8e4c57f05d70ab865de6e193bbb/8926,0,0,0,149,0.2,0.30303030303030304,0.9,20,5,41,0.2,0.2,,,,,
cryptopunks,cryptopunks,2856,CryptoPunk #2856,2856,3720000000000000000,3.72,2020-10-29T23:36:04+00:00,1604014564,2020-10-22T23:36:04+00:00,2020-10-29T23:36:04+00:00,['CryptoPunk #2856'],0x51f1d95cc6651537b7c497f4d146e4e9aa92565b,0x51357b0e4933fccda5b21e648678ce4d89e153e3,0xeb87ac4cd96a2532b8366089b4051b803d74e74a940048e3de807ea25fad60e2,https://opensea.io/assets/ethereum/0xb47e3cd837ddf8e4c57f05d70ab865de6e193bbb/2856,0,0,0,170,0.3,0.35064935064935066,0.9,27,7,43,0.3,0.3,,,,,
cryptopunks,cryptopunks,5226,CryptoPunk #5226,5226,4000000000000000000,4.0,2020-10-26T13:19:34+00:00,1603718374,2020-10-19T13:19:34+00:00,2020-10-26T13:19:34+00:00,['CryptoPunk #5226'],0xd27aa625cbb2f1e5ddc4ed27890ae2a63e1ca810,0x037e2847c769d20564502183f524f88baa06b389,0xe19032265ce6b3b2a8b981c570b3febd496c383a8146494f47efc4257d7f1fde,https://opensea.io/assets/ethereum/0xb47e3cd837ddf8e4c57f05d70ab865de6e193bbb/5226,0,0,0,203,0.3,0.30303030303030304,0.9,30,1,68,0.3,0.3,,,,,
cryptopunks,cryptopunks,2156,CryptoPunk #2156,2156,5300000000000000000,5.3,2020-12-31T23:54:20+00:00,1609458860,2020-12-24T23:54:20+00:00,2020-12-31T23:54:20+00:00,['CryptoPunk #2156'],0x1aff1e0f1d5f76f92145a278d8c31af9ade783dd,0x0530f30d85a6ceb341544ab7a740b2bdbbc69444,0x3c1cc2c1e8ce6a703445c152dd7009bf7ebd050b5c095fe0c14cae9feb910f1a,https://opensea.io/assets/ethereum/0xb47e3cd837ddf8e4c57f05d70ab865de6e193bbb/2156,0,0,0,159,0.6,0.609375,0.9,39,1,24,0.6,0.6,,,,,
cryptopunks,cryptopunks,7443,CryptoPunk #7443,7443,25900000000000000000,25.9,2021-02-28T23:21:27+00:00,1614554487,2021-02-21T23:21:27+00:00,2021-02-28T23:21:27+00:00,['CryptoPunk #7443'],0xb9c71dffd0315a61b5df3ef77f2caa5149fba4e1,0x65ba4f92d7dfa813ddbd849d9faf38a723dd9b12,0x8380b5b95495f8413972a5777e412e5737c7c6a1f3f895a2833f7920360731e1,https://opensea.io/assets/ethereum/0xb47e3cd837ddf8e4c57f05d70ab865de6e193bbb/7443,0,0,0,248,0.4,0.46601941747572817,0.9,48,10,45,0.4,0.4,,,,,
cryptopunks,cryptopunks,8946,CryptoPunk #8946,8946,28500000000000000000,28.5,2021-04-30T22:43:07+00:00,1619822587,2021-04-23T22:43:07+00:00,2021-04-30T22:43:07+00:00,['CryptoPunk #8946'],0x7e4100f2571994d0d937c25e87c5f58d79db53dc,0xac33a5837bb9ad556d1ed646642e371775fb357a,0x3caf8462910e41dc17f76c0c52f113ac308381b04deece68adbb1abdbfc182ac,https://opensea.io/assets/ethereum/0xb47e3cd837ddf8e4c57f05d70ab865de6e193bbb/8946,0,0,0,217,0.4,0.4368932038834951,0.9,45,11,47,0.4,0.4,,,,,
pudgypenguins,pudgypenguins,1,Pudgy Penguin #1,1,5000000000000000,0.005,2021-06-29T18:39:51+00:00,1624991991,2021-06-22T18:39:51+00:00,2021-06-29T18:39:51+00:00,['Pudgy Penguin #1'],0xe2b0c9f604067d7e2b2dce4129da15a080727742,0x6be7b13539bbf6d3ef62c157443e008f43a3c4c2,0xc9f36227e931baedf69da7a221c4494eb281f48651da04e80132f928431f22bf,https://opensea.io/assets/ethereum/0xbd3531da5cf5857e7cfaa92426877b022e612cf8/1,0,0,0,257,0.3,0.42857142857142855,0.9,48,7,57,0.3,0.3,,915.0,,0.0,
pudgypenguins,pudgypenguins,1,Pudgy Penguin #1,1,25000000000000000,0.025,2021-06-23T10:34:01+00:00,1624444441,2021-06-16T10:34:01+00:00,2021-06-23T10:34:01+00:00,['Pudgy Penguin #1'],0xd04a60a34e8c69af59a88756bd69d0af4e17f91e,0x8ad833279dff573ce62014200a7be0044b2a3e36,0xe5bed892f8d6edc7843069df91ec2c8c7f13fbd61e58175cf49df4014a010b0c,https://opensea.io/assets/ethereum/0xbd3531da5cf5857e7cfaa92426877b022e612cf8/1,0,0,0,256,0.4,0.494949494949495,0.9,49,6,44,0.4,0.4,,915.0,,0.0,
pudgypenguins,pudgypenguins,8735,Pudgy Penguin #8735,8735,2450000000000000000,2.45,2021-08-31T23:56:50+00:00,1630454210,2021-08-24T23:56:50+00:00,2021-08-31T23:56:50+00:00,['Pudgy Penguin #8735'],0xffc041b1c734f8bc0502a9fc0d7c35ab437c416d,0xdac904a2165a9439dc5f04b82ae762707d3bf4cf,0x3496930e95aa7677d2df94f8ccd2aaf03a00a39fc4b8106fdb193e4ba81ae62b,https://opensea.io/assets/ethereum/0xbd3531da5cf5857e7cfaa92426877b022e612cf8/8735,0,0,0,258,0.4,0.42105263157894735,0.9,48,5,61,0.4,0.4,,5086.0,,0.0,
pudgypenguins,pudgypenguins,3782,Pudgy Penguin #3782,3782,1450000000000000000,1.45,2021-10-31T22:02:13+00:00,1635717733,2021-10-24T22:02:13+00:00,2021-10-31T22:02:13+00:00,['Pudgy Penguin #3782'],0x2d3dbcb2929afe8e9aa700ef41d14fff85bb91f5,0x12b6f1c3f5ebb08feda87ea6e96d4a92d8b8510e,0x0be2dfd23d38520370274a584f78cfb5e8e315d0049ce3874b539ddef8ac156c,https://opensea.io/assets/ethereum/0xbd3531da5cf5857e7cfaa92426877b022e612cf8/3782,0,0,0,275,0.4,0.49038461538461536,0.9,51,3,50,0.4,0.4,,3788.0,,0.0,
pudgypenguins,pudgypenguins,1375,Pudgy Penguin #1375,1375,790000000000000000,0.79,2021-12-31T23:59:32+00:00,1640995172,2021-12-24T23:59:32+00:00,2021-12-31T23:59:32+00:00,['Pudgy Penguin #1375'],0x01e493dd1548767bb63d1872ca2a2c8b227e89d0,0x60a2be9ba9f4bbaeed29db1182a005af3f29c3c5,0x2c884dada586b3a3d17b681b4fb86fa0bdea4fefc0241e0d7a2caa5d176be9c2,https://opensea.io/assets/ethereum/0xbd3531da5cf5857e7cfaa92426877b022e612cf8/1375,0,0,0,280,0.55,0.6039603960396039,0.9,61,8,32,0.55,0.55,,382.0,,0.0,
pudgypenguins,pudgypenguins,4461,Pudgy Penguin #4461,4461,890000000000000000,0.89,2022-02-28T21:50:31+00:00,1646085031,2022-02-21T21:50:31+00:00,2022-02-28T21:50:31+00:00,['Pudgy Penguin #4461'],0x124b62d5f1565853f7c7102843645a3a38934fa7,0xfb0ddea919cb8e9e4e4100f49a7d86afff004d62,0xc96ee6aac91fa90edae2b6dd02058bb66da5e5fcc26b96cf71c96a1da07a103c,https://opensea.io/assets/ethereum/0xbd3531da5cf5857e7cfaa92426877b022e612cf8/4461,0,0,0,270,0.3,0.4666666666666667,0.9,42,11,37,0.3,0.3,,727.0,,0.0,
pudgypenguins,pudgypenguins,6733,Pudgy Penguin #6733,6733,1550000000000000000,1.55,2022-04-30T23:55:11+00:00,1651362911,2022-04-23T23:55:11+00:00,2022-04-30T23:55:11+00:00,['Pudgy Penguin #6733'],0x00000000e7fc8fd904374460228f2fc5c2221408,0x60d19f2c7c5302dc5cad462524f49ab2545d2cfe,0xb1cf5ab96ef385377d19cecaa0c6120c9693bf3eff056da5ce2ea9d34f4bad59,https://opensea.io/assets/ethereum/0xbd3531da5cf5857e7cfaa92426877b022e612cf8/6733,0,0,0,263,0.3,0.40625,0.9,39,9,48,0.3,0.3,,3261.0,,0.0,
pudgypenguins,pudgypenguins,6381,Pudgy Penguin #6381,6381,1500000000000000000,1.5,2022-06-30T21:44:39+00:00,1656625479,2022-06-23T21:44:39+00:00,2022-06-30T21:44:39+00:00,['Pudgy Penguin #6381'],0x94fc70cffb47fc77d16f7997acd527e45a87b050,0x80a2a7f7216515a13992dba1959f2a38860c9e9f,,https://opensea.io/assets/ethereum/0xbd3531da5cf5857e7cfaa92426877b022e612cf8/6381,0,0,0,247,0.4,0.525,0.9,42,8,30,0.4,0.4,,264.0,,0.0,
pudgypenguins,pudgypenguins,162,Pudgy Penguin #162,162,3050000000000000000,3.05,2022-08-31T20:17:35+00:00,1661977055,2022-08-24T20:17:35+00:00,2022-08-31T20:17:35+00:00,['Pudgy Penguin #162'],0x0eac6a6ce95bc1ee0c561fb8406afa4be8c7046c,0x37c8b931c1177c906abfbe9a969b262a032e5168,0x048dbe7196066805e5f952f7ffe57807f3530d9454fc4a310be56c3673e1c562,https://opensea.io/assets/ethereum/0xbd3531da5cf5857e7cfaa92426877b022e612cf8/162,0,0,0,251,0.3,0.5238095238095238,0.9,55,17,33,0.3,0.3,,4657.0,,0.0,
pudgypenguins,pudgypenguins,4868,Pudgy Penguin #4868,4868,2999000000000000000,2.999,2022-10-31T21:59:47+00:00,1667253587,2022-10-24T21:59:47+00:00,2022-10-31T21:59:47+00:00,['Pudgy Penguin #4868'],0xf803b11bcff23d9ed1df84ee897beef26df9acdd,0xe84c895bc8623131781a1a162d6df3bbb79dbc9a,,https://opensea.io/assets/ethereum/0xbd3531da5cf5857e7cfaa92426877b022e612cf8/4868,0,0,0,265,0.3,0.46296296296296297,0.9,50,15,43,0.3,0.3,,4997.0,,0.0,
azuki,azuki,9271,Azuki #9271,9271,12400000000000000000,12.4,2022-02-28T23:38:24+00:00,1646091504,2022-02-21T23:38:24+00:00,2022-02-28T23:38:24+00:00,['Azuki #9271'],0x809370f53f1c9cc122cb6c32bea3a50891f26386,0x0434d46cdc3682d9bf3c73e9e512f190e9182258,0x89b168ce4993ba6c437812e74413e3cd4006def3cd18617e96dea1bdb691b7b0,https://opensea.io/assets/ethereum/0xed5af388653567af2f388e6224dc7c4b3241c544/9271,0,0,0,260,0.4,0.52,0.9,52,12,36,0.4,0.4,,7483.0,,0.0,
azuki,azuki,4718,Azuki #4718,4718,23500000000000000000,23.5,2022-04-30T22:56:55+00:00,1651359415,2022-04-23T22:56:55+00:00,2022-04-30T22:56:55+00:00,['Azuki #4718'],0x6dc88b231cd04dd1b1e525161162993f47140006,0x881eb6fd0b49b90edb2cd42263311db50bc07465,0x06d40263d61c387944fa37708a98336a91b7a8cb16cab4b7e017c3c88018a80c,https://opensea.io/assets/ethereum/0xed5af388653567af2f388e6224dc7c4b3241c544/4718,0,0,0,265,0.3,0.47368421052631576,0.9,54,18,42,0.3,0.3,,4308.0,,0.0,
azuki,azuki,330,Azuki #330,330,13800000000000000000,13.8,2022-06-30T23:07:46+00:00,1656630466,2022-06-23T23:07:46+00:00,2022-06-30T23:07:46+00:00,['Azuki #330'],0xba528b2e785b1e05c64b5c48c009fca19bf23df0,0xec7100abdbcf922f975148c6516bc95696ca0ef6,0x2af07cb83d310aeb77922af053bd428728e4bd8eb673ec9f2f037c0563628d68,https://opensea.io/assets/ethereum/0xed5af388653567af2f388e6224dc7c4b3241c544/330,0,0,0,265,0.3,0.4434782608695652,0.9,51,16,48,0.3,0.3,,9279.0,,0.0,
azuki,azuki,7733,Azuki #7733,7733,8999990000000000000,8.99999,2022-08-31T19:38:41+00:00,1661974721,2022-08-24T19:38:41+00:00,2022-08-31T19:38:41+00:00,['Azuki #7733'],0xecaf065d5f355e05a442a5fe37665805f75654f8,0xf713ddafbbe6ac3b58679280e2588d0a8d19bec1,,https://opensea.io/assets/ethereum/0xed5af388653567af2f388e6224dc7c4b3241c544/7733,0,0,0,240,0.3,0.43,0.9,43,6,51,0.3,0.3,,2540.0,,0.0,
azuki,azuki,1132,Azuki #1132,1132,11500000000000000000,11.5,2022-10-31T23:34:47+00:00,1667259287,2022-10-24T23:34:47+00:00,2022-10-31T23:34:47+00:00,['Azuki #1132'],0x92a7ec25a149bb084ee4a6fae655ae900306e29d,0x25beb7271d14ad78f05cedb02723ae358603ea36,,https://opensea.io/assets/ethereum/0xed5af388653567af2f388e6224dc7c4b3241c544/1132,0,0,0,224,0.4,0.5375,0.9,43,10,27,0.4,0.4,,2519.0,,0.0,
azuki,azuki,4490,Azuki #4490,4490,2000000000000000000,2.0,2022-12-31T23:57:35+00:00,1672531055,2022-12-24T23:57:35+00:00,2022-12-31T23:57:35+00:00,['Azuki #4490'],0x604eafd2d3f0d7f74f731e66cb58c1315f18d7b4,0xe02bf9fabd3cc659b99682a5c0bc7355f963b82e,0x73fc46235790580318096f8e012fc24201bfeaf86935a2060e89a603b6ec0517,https://opensea.io/assets/ethereum/0xed5af388653567af2f388e6224dc7c4b3241c544/4490,0,0,0,15,0.7,1.0,0.9,3,0,0,0.7,0.7,,7892.0,,0.0,
clonex,clonex,10846,CloneX #7719,10846,7000000000000000000,7.0,2021-12-31T23:50:51+00:00,1640994651,2021-12-24T23:50:51+00:00,2021-12-31T23:50:51+00:00,['CloneX #7719'],0xbe544fbc9aed531d9f397d557e8ed0f69ad481d0,0xf1a964096237c2d1456dd3e86382410800a50e0a,0x675cad56538b01b8bc3753bca1c408a81bf40a5e0b8ecc1740d0e252cb85192e,https://opensea.io/assets/ethereum/0x49cf6f5d44e70224e2e23fdcdd2c053f30ada28b/10846,0,0,0,274,0.4,0.5315315315315315,0.9,59,11,41,0.4,0.4,,5308.0,,0.0,
clonex,clonex,963,CloneX #18769,963,13000000000000000000,13.0,2022-02-28T23:40:56+00:00,1646091656,2022-02-21T23:40:56+00:00,2022-02-28T23:40:56+00:00,['CloneX #18769'],0x2a1c821c8a9e19929c5dcd8ba9112d771887c6b0,0x4ed934f94a3ea54452a62d6d93e1d165aa77610d,0xceb71c615de332fe9aed963314d4677aeaf6269ceb3361f6a5708f393ebef743,https://opensea.io/assets/ethereum/0x49cf6f5d44e70224e2e23fdcdd2c053f30ada28b/963,0,0,0,251,0.4,0.46078431372549017,0.9,47,12,43,0.4,0.4,,13636.0,,0.0,
clonex,clonex,11825,CloneX #15561,11825,15900000000000000000,15.9,2022-04-30T23:36:35+00:00,1651361795,2022-04-23T23:36:35+00:00,2022-04-30T23:36:35+00:00,['CloneX #15561'],0xa09c9c251e801ae02e1ce76e143526dd6f6d37c7,0xcfda9974d234fc548c7f96700b578aa90a367c8b,0xb02d32856ceb84028af2197366cc4c46fd54058db1373ecef4a1909590ccb08e,https://opensea.io/assets/ethereum/0x49cf6f5d44e70224e2e23fdcdd2c053f30ada28b/11825,0,0,0,273,0.4,0.504950495049505,0.9,51,6,44,0.4,0.4,,18501.0,,0.0,
clonex,clonex,16872,CloneX #19314,16872,9316000000000000000,9.316,2022-06-30T23:06:17+00:00,1656630377,2022-06-23T23:06:17+00:00,2022-06-30T23:06:17+00:00,['CloneX #19314'],0x26d7b4fe67f4601643304b5023b3caf3a72e8504,0x3ba6b42a4f2cf6b8cadf6cd579da91547b3eebe1,0x0d931163f04196f7396f10a25b028c7dc0426d7bafbdd223aca10663b9e161f8,https://opensea.io/assets/ethereum/0x49cf6f5d44e70224e2e23fdcdd2c053f30ada28b/16872,0,0,0,263,0.25,0.4180327868852459,0.9,51,21,50,0.25,0.25,,7082.0,,0.0,
clonex,clonex,9450,CloneX #19312,9450,14000000000000000000,14.0,2022-08-31T23:52:03+00:00,1661989923,2022-08-24T23:52:03+00:00,2022-08-31T23:52:03+00:00,['CloneX #19312'],0x739d1cb163ee212c45dac9ed7a063395465200e5,0xa9547e82f295f6749b1254491794ac2f0349010c,0x2f285ccced9255f98ccbe41109769a4b69f50f9560197da5975f484a522d989a,https://opensea.io/assets/ethereum/0x49cf6f5d44e70224e2e23fdcdd2c053f30ada28b/9450,0,0,0,244,0.3,0.45871559633027525,0.9,50,11,48,0.3,0.3,,8832.0,,0.0,
clonex,clonex,2207,CloneX #2962,2207,7870000000000000000,7.87,2022-10-31T23:38:35+00:00,1667259515,2022-10-24T23:38:35+00:00,2022-10-31T23:38:35+00:00,['CloneX #2962'],0xcb43971645190ca9181f26e4f40eade20d51f39f,0x9250f8149067fc068189f95e92f0eea9673f62d0,0x75f4a6a1474f70fb397fa1e0fbfc4189ba5964acec64fb534a049928efa9646e,https://opensea.io/assets/ethereum/0x49cf6f5d44e70224e2e23fdcdd2c053f30ada28b/2207,0,0,0,241,0.5,0.5652173913043478,0.9,52,8,32,0.5,0.5,,8622.0,,0.0,
clonex,clonex,11714,CloneX #7604,11714,5590000000000000000,5.59,2022-12-31T23:08:59+00:00,1672528139,2022-12-24T23:08:59+00:00,2022-12-31T23:08:59+00:00,['CloneX #7604'],0xdcef0c8cff7c46aafb13806be86892368c115f6b,0x45837b4b52800539e90ec0a12d28cb8813a46121,0x19571f4080147422364195f731fd6f33ea8fd67a7f8c712f88f35fdd0e7b1f7e,https://opensea.io/assets/ethereum/0x49cf6f5d44e70224e2e23fdcdd2c053f30ada28b/11714,0,0,0,0,0.0,0.0,0.0,0,0,0,0.0,0.0,,18286.0,,0.0,
doodles-official,doodles-official,8914,Doodle #8914,8914,1300000000000000000,1.3,2021-10-31T22:48:45+00:00,1635720525,2021-10-24T22:48:45+00:00,2021-10-31T22:48:45+00:00,['Doodle #8914'],0x29baccf305725083a93e12760ad847878cae5378,0x443d1f8a358b8f76df166e7c59afd4cba70073c7,0x1d6cff4e76c1c8fe1c82eaa019ebf2a1f3a1aecf7c43196fa67a24a4085239cb,https://opensea.io/assets/ethereum/0x8a90cab2b38dba80c64b7734e58ee1db38b8992e/8914,0,0,0,273,0.4,0.5688073394495413,0.9,62,12,35,0.4,0.4,,7614.0,,0.0,
doodles-official,doodles-official,4844,Doodle #4844,4844,18000000000000000000,18.0,2021-12-31T23:46:08+00:00,1640994368,2021-12-24T23:46:08+00:00,2021-12-31T23:46:08+00:00,['Doodle #4844'],0x5f9d41289ad44d17e6c51f889276999112e4fffc,0x4b72e3cab4de17a24170b4237ede24e3f4786f28,0xa20426117341838d0023419e95be8d3e52cac8d23995af15f2e567dba9115f67,https://opensea.io/assets/ethereum/0x8a90cab2b38dba80c64b7734e58ee1db38b8992e/4844,0,0,0,261,0.65,0.6705882352941176,0.9,57,5,23,0.65,0.65,,2361.0,,0.0,
doodles-official,doodles-official,9241,Doodle #9241,9241,13966900000000000000,13.9669,2022-02-28T23:19:23+00:00,1646090363,2022-02-21T23:19:23+00:00,2022-02-28T23:19:23+00:00,['Doodle #9241'],0x76c2d3c5f271c02a072755cfe71df831ce981790,0x3b1508900518b5ee236d9a5f0b61c660bc61acae,0x4024a9ff66efa59944913a0036879f96df81457cf1c1064964745035b05763c7,https://opensea.io/assets/ethereum/0x8a90cab2b38dba80c64b7734e58ee1db38b8992e/9241,0,0,0,261,0.3,0.4421052631578947,0.9,42,13,40,0.3,0.3,,1365.0,,0.0,
doodles-official,doodles-official,2878,Doodle #2878,2878,15250000000000000000,15.25,2022-04-30T23:49:03+00:00,1651362543,2022-04-23T23:49:03+00:00,2022-04-30T23:49:03+00:00,['Doodle #2878'],0x41b712c0aaa05686eb99b29624cfe71b778b1a21,0xa06aba69adb309fa1a8fa786fb63377b3207a8c0,0xaeffaa269c3c070b1f58ce97fa2c8ea23da971dacec9455dc3ca2f8f5bcbe458,https://opensea.io/assets/ethereum/0x8a90cab2b38dba80c64b7734e58ee1db38b8992e/2878,0,0,0,253,0.4,0.5473684210526316,0.9,52,11,32,0.4,0.4,,6582.0,,0.0,
doodles-official,doodles-official,4430,Doodle #4430,4430,13200000000000000000,13.2,2022-06-30T23:02:46+00:00,1656630166,2022-06-23T23:02:46+00:00,2022-06-30T23:02:46+00:00,['Doodle #4430'],0xc6e2a956ed3d90295baba595bdbc178475a33095,0x48e32abcf7a19da1ffa42b1264f4f7a98b092d0c,,https://opensea.io/assets/ethereum/0x8a90cab2b38dba80c64b7734e58ee1db38b8992e/4430,0,0,0,262,0.2,0.35714285714285715,0.9,40,17,55,0.2,0.2,,6392.0,,0.0,
doodles-official,doodles-official,466,Doodle #466,466,9000000000000000000,9.0,2022-08-31T23:29:28+00:00,1661988568,2022-08-24T23:29:28+00:00,2022-08-31T23:29:28+00:00,['Doodle #466'],0xa94b4ff74b5d6ee8aab911d64eb22c6a689bdf01,0x739d1cb163ee212c45dac9ed7a063395465200e5,0x4d4f314d68aa6e06f392adb3c8f7b431ef8dc9c79652315c465e9d932ce2360a,https://opensea.io/assets/ethereum/0x8a90cab2b38dba80c64b7734e58ee1db38b8992e/466,0,0,0,258,0.4,0.49137931034482757,0.9,57,9,50,0.4,0.4,,9374.0,,0.0,
doodles-official,doodles-official,6209,Doodle #6209,6209,7150000000000000000,7.15,2022-10-31T23:12:59+00:00,1667257979,2022-10-24T23:12:59+00:00,2022-10-31T23:12:59+00:00,['Doodle #6209'],0xe78540654a1d576252f9011642b56c9ea48d5edb,0x6b89621399ec71829e266dd25bb45a8741fb0a5e,0xbc5211232c8b0c9156230d073aa281e9511025ac038f1189033bc20334060bb3,https://opensea.io/assets/ethereum/0x8a90cab2b38dba80c64b7734e58ee1db38b8992e/6209,0,0,0,249,0.3,0.44660194174757284,0.9,46,13,44,0.3,0.3,,1553.0,,0.0,
doodles-official,doodles-official,5987,Doodle #5987,5987,7459500000000000000,7.4595,2022-12-31T23:56:35+00:00,1672530995,2022-12-24T23:56:35+00:00,2022-12-31T23:56:35+00:00,['Doodle #5987'],0x2a6d41f1a0f1f5441c109a56f34ba66d12d5f467,0xd9ef8805e71e9a1417bd8062ce2e717b46d96f05,0xc172fd3f555193af8ad4dceebd9beb7e71717367e960cad787f38b9dd947dca0,https://opensea.io/assets/ethereum/0x8a90cab2b38dba80c64b7734e58ee1db38b8992e/5987,0,0,0,10,0.6,0.5,0.9,1,0,1,0.6,0.6,,1508.0,,0.0,
cryptokitties,cryptokitties,1023804,Kitty #1023804,1023804,1200000000000000,0.0012,2020-02-29T23:53:30+00:00,1583020410,2020-02-22T23:53:30+00:00,2020-02-29T23:53:30+00:00,['Kitty #1023804'],0x7ae4d982984def358c52fda4b2654a5297e27e79,0xc0cc62cc6f12f4344934573367c3823ccaaf89a4,0xbc7484f1c86bc9c127248f9918fac22a6f891ce40f8be1a5f6d079eeea44f110,https://opensea.io/assets/ethereum/0x06012c8cf97bead5deae237070f9587f8e7a266d/1023804,0,0,0,124,0.3,0.23529411764705882,0.9,8,0,26,0.3,0.3,,,,,
cryptokitties,cryptokitties,858787,Kitty #858787,858787,1990000000000000,0.00199,2020-04-30T23:47:29+00:00,1588290449,2020-04-23T23:47:29+00:00,2020-04-30T23:47:29+00:00,['Kitty #858787'],0x5c04927822df11ad0c039bf80e4d13ec007323c3,0xc0cc62cc6f12f4344934573367c3823ccaaf89a4,0xeb96f8c5b1938d9990bbe802ee2cba13248f966cd29dcf24a4551c2737254dc3,https://opensea.io/assets/ethereum/0x06012c8cf97bead5deae237070f9587f8e7a266d/858787,0,0,0,130,0.2,0.4358974358974359,0.9,17,7,15,0.2,0.2,,,,,
cryptokitties,cryptokitties,1898791,Kitty #1898791,1898791,2504201099537038,0.002504201099537,2020-06-30T23:34:16+00:00,1593560056,2020-06-23T23:34:16+00:00,2020-06-30T23:34:16+00:00,['Kitty #1898791'],0x37ca19f8d7c5b7ba854c3ea678a9ee27bb05d72b,0x774ae05c60a3bb52bf5b4c137d59192ee7c310ef,0x3a0d4fefc82e07feef017d0a25f080052121f83355f35db261759d6b747a69e4,https://opensea.io/assets/ethereum/0x06012c8cf97bead5deae237070f9587f8e7a266d/1898791,0,0,0,130,0.4,0.48717948717948717,0.9,19,4,16,0.4,0.4,,,,,
cryptokitties,cryptokitties,963621,Kitty #963621,963621,70000000000000000,0.07,2020-08-31T22:42:30+00:00,1598913750,2020-08-24T22:42:30+00:00,2020-08-31T22:42:30+00:00,['Kitty #963621'],0x762fb73d84cd72e1a7564e558aa4c5c66d4a7db4,0x73b4437a4b3e43de673836107437e4f092a363e0,0xa44682fff7cb50794b26a00ad68b52f30f98c2e6f9dedb83d02aecc4e124e4ce,https://opensea.io/assets/ethereum/0x06012c8cf97bead5deae237070f9587f8e7a266d/963621,0,0,0,141,0.4,0.5172413793103449,0.9,30,11,17,0.4,0.4,,,,,
cryptokitties,cryptokitties,1839468,LilPurrfect #574,1839468,99996141203703704,0.0999961412037037,2020-10-31T23:49:55+00:00,1604188195,2020-10-24T23:49:55+00:00,2020-10-31T23:49:55+00:00,['LilPurrfect #574'],0x431e50350492c04ae4634347967670e3dc5a7278,0x613b909325e0f7bf25beefb6254187f6d9ec7309,0x3e3862d17e0a6803213b0582c24dcf6558a31da1bd28fc1d89a5ec0173937bca,https://opensea.io/assets/ethereum/0x06012c8cf97bead5deae237070f9587f8e7a266d/1839468,0,0,0,205,0.4,0.35443037974683544,0.9,28,4,47,0.4,0.4,,,,,
cryptokitties,cryptokitties,1879923,Kitty #1879923,1879923,5000000000000000,0.005,2020-12-31T23:06:48+00:00,1609456008,2020-12-24T23:06:48+00:00,2020-12-31T23:06:48+00:00,['Kitty #1879923'],0x3b464c069a714f4d9a12b349b6120af74c817baa,0x8de12bca6a79caf05ded82308f5b35ea9e230f17,0xf2a1c5c23e622266374853c1577345dd1af263a49a58e80dc9d3fe03fd8b9396,https://opensea.io/assets/ethereum/0x06012c8cf97bead5deae237070f9587f8e7a266d/1879923,0,0,0,171,0.4,0.47692307692307695,0.9,31,2,32,0.4,0.4,,,,,
cryptokitties,cryptokitties,1266783,Kitty #1266783,1266783,10000000000000000,0.01,2021-02-28T23:56:13+00:00,1614556573,2021-02-21T23:56:13+00:00,2021-02-28T23:56:13+00:00,['Kitty #1266783'],0x69edf3b24dfd250636113b78e83a05549a8b985a,0x7d4f4c1e7854c409c3ce14615c22e69338058162,0xd49c3aebd18281ef46efde41fc9e3ceb0952fae50474a1fba3cb3bd983214121,https://opensea.io/assets/ethereum/0x06012c8cf97bead5deae237070f9587f8e7a266d/1266783,0,0,0,260,0.3,0.40869565217391307,0.9,47,12,56,0.3,0.3,,,,,
cryptokitties,cryptokitties,1498652,Kitty #1498652,1498652,27000000000000000,0.027,2021-04-30T23:54:40+00:00,1619826880,2021-04-23T23:54:40+00:00,2021-04-30T23:54:40+00:00,['Kitty #1498652'],0x25b60c601c80d7a7a889afce89ab4ff087a7cdaa,0x5ab130251d128bc10df5f77573a8983307822d36,0x6ac1fe6268f0fccb24f7ca7cb25f8a320b4b3169096b35b626c5d9df45a6f92b,https://opensea.io/assets/ethereum/0x06012c8cf97bead5deae237070f9587f8e7a266d/1498652,0,0,0,255,0.4,0.4036697247706422,0.9,44,4,61,0.4,0.4,,,,,
cryptokitties,cryptokitties,1305673,Kitty #1305673,1305673,17000000000000000,0.017,2021-06-30T23:59:04+00:00,1625097544,2021-06-23T23:59:04+00:00,2021-06-30T23:59:04+00:00,['Kitty #1305673'],0x5ef58e6610925cdfa0f4f4c4bb20945f4b2a8409,0x1d5c30676ca03adae00257568b830c8d424a1e53,0xae8f3165da2db3880cb2e69526622eb21dd53ad5034d1a31d47307662b8bfcaf,https://opensea.io/assets/ethereum/0x06012c8cf97bead5deae237070f9587f8e7a266d/1305673,0,0,0,239,0.4,0.45098039215686275,0.9,46,8,48,0.4,0.4,,,,,
cryptokitties,cryptokitties,761947,Kitty #761947,761947,260000000000000000,0.26,2021-08-31T23:54:13+00:00,1630454053,2021-08-24T23:54:13+00:00,2021-08-31T23:54:13+00:00,['Kitty #761947'],0xdc0d28f3d09b292d41b836db991b157d641ad64f,0x9f47cb203803c58d2dd138ece9f139fa283776a7,0x8c85ca0865d5892b79e89ecf332827760286e6b2f6ae77738c9261d978244f86,https://opensea.io/assets/ethereum/0x06012c8cf97bead5deae237070f9587f8e7a266d/761947,0,0,0,254,0.4,0.5048543689320388,0.9,52,11,40,0.4,0.4,,,,,
world-of-women-nft,world-of-women-nft,1583,WoW #1583,1583,2550000000000000000,2.55,2021-08-31T23:57:07+00:00,1630454227,2021-08-24T23:57:07+00:00,2021-08-31T23:57:07+00:00,['WoW #1583'],0x67c4438c86c00257d3bca9bbfb3f6234bc961468,0xa618e5b17b45ddf04d6e5f29197d88c8612d0214,0x8eee33c50ac443ca1fb862826a7013839181d8718797167dd0e61d66ff669175,https://opensea.io/assets/ethereum/0xe785e82358879f061bc3dcac6f0444462d4b5330/1583,0,0,0,264,0.4,0.49137931034482757,0.9,57,8,51,0.4,0.4,,,,,
world-of-women-nft,world-of-women-nft,4266,WoW #4266,4266,2200000000000000000,2.2,2021-10-31T23:32:39+00:00,1635723159,2021-10-24T23:32:39+00:00,2021-10-31T23:32:39+00:00,['WoW #4266'],0x436df0ce1ddc9e5851395737fc76d2a3f923acc1,0xe56065f458ec5668f91b76fd092781ac3f427329,0x88530d1615498f7315917d995219aa4bf7ae30b6c144b6356b0cb6c71e38ce23,https://opensea.io/assets/ethereum/0xe785e82358879f061bc3dcac6f0444462d4b5330/4266,0,0,0,275,0.4,0.46846846846846846,0.9,52,11,48,0.4,0.4,,,,,
world-of-women-nft,world-of-women-nft,9990,WoW #9990,9990,2300000000000000000,2.3,2021-12-31T23:53:23+00:00,1640994803,2021-12-24T23:53:23+00:00,2021-12-31T23:53:23+00:00,['WoW #9990'],0x7dd824c592352aea415c89fb501c18a303c0423a,0xf7d7c2fffb5c7e4608b26edaf2a502cd9cd83699,0xa8da17607a4d0167d158b32451bf33ea42c92022d1cf54cb09a8914a7ffa798e,https://opensea.io/assets/ethereum/0xe785e82358879f061bc3dcac6f0444462d4b5330/9990,0,0,0,274,0.7,0.7435897435897436,0.9,87,1,29,0.7,0.7,,,,,
world-of-women-nft,world-of-women-nft,2965,WoW #2965,2965,8600000000000000000,8.6,2022-02-28T23:48:40+00:00,1646092120,2022-02-21T23:48:40+00:00,2022-02-28T23:48:40+00:00,['WoW #2965'],0x57b9eeb6c3a393067122a19e9f08d32089ae3267,0x4ee275a6a05c72cceb0fb085540b782bd9c5eea1,0x4a52e015f381863d1d49897540478fd2acd24868adb3e0040432642ac10c29f9,https://opensea.io/assets/ethereum/0xe785e82358879f061bc3dcac6f0444462d4b5330/2965,0,0,0,263,0.4,0.5252525252525253,0.9,52,11,36,0.4,0.4,,,,,
world-of-women-nft,world-of-women-nft,4833,WoW #4833,4833,6250000000000000000,6.25,2022-04-30T23:55:41+00:00,1651362941,2022-04-23T23:55:41+00:00,2022-04-30T23:55:41+00:00,['WoW #4833'],0x7c70a7c6fb919d7b5b0f929061251538e14175d0,0x61503ad92e94ca295926854b35dfced55797f5a1,0x561806dca22febe27e0597a7a28785f4e121c876b330a70b95f1b2b645aba4a6,https://opensea.io/assets/ethereum/0xe785e82358879f061bc3dcac6f0444462d4b5330/4833,0,0,0,266,0.4,0.44,0.9,44,8,48,0.4,0.4,,,,,
world-of-women-nft,world-of-women-nft,6093,WoW #6093,6093,3625000000000000000,3.625,2022-06-30T21:28:52+00:00,1656624532,2022-06-23T21:28:52+00:00,2022-06-30T21:28:52+00:00,['WoW #6093'],0xb123e5e727ac31adffc50562c2d731b3f28239dc,0xab557245f9de18a7a2b59e8bc4f361dd83d16807,0x39663e7596581785ee6624de0d9639be9b31b61a373914b125e6846349cc8589,https://opensea.io/assets/ethereum/0xe785e82358879f061bc3dcac6f0444462d4b5330/6093,0,0,0,276,0.3,0.5,0.9,63,12,51,0.3,0.3,,,,,
world-of-women-nft,world-of-women-nft,2251,WoW #2251,2251,2500000000000000000,2.5,2022-08-31T20:57:06+00:00,1661979426,2022-08-24T20:57:06+00:00,2022-08-31T20:57:06+00:00,['WoW #2251'],0x269d5fd09850c14d6f132c3d67ef16b7c3569ee1,0xd78a19ab734efb53a40682fdc645ba409ab64e35,,https://opensea.io/assets/ethereum/0xe785e82358879f061bc3dcac6f0444462d4b5330/2251,0,0,0,260,0.4,0.5445544554455446,0.9,55,7,39,0.4,0.4,,,,,
world-of-women-nft,world-of-women-nft,637,WoW #637,637,2550000000000000000,2.55,2022-10-31T20:37:11+00:00,1667248631,2022-10-24T20:37:11+00:00,2022-10-31T20:37:11+00:00,['WoW #637'],0x9a4ceb0a4b70093b99c57de1e772a0de951e18d8,0x88889778402dcf6cf363bb9ac47f7a2d8e77a2af,,https://opensea.io/assets/ethereum/0xe785e82358879f061bc3dcac6f0444462d4b5330/637,0,0,0,230,0.4,0.5054945054945055,0.9,46,6,39,0.4,0.4,,,,,
world-of-women-nft,world-of-women-nft,9647,WoW #9647,9647,1000000000000000,0.001,2022-12-31T23:44:35+00:00,1672530275,2022-12-24T23:44:35+00:00,2022-12-31T23:44:35+00:00,['WoW #9647'],0x96bf86900339cc09bc5fa7370e8cebfb673decb8,0x3d4309dc284d0fa044c532d3276a5b3ededc79fc,0x4ed79766e70c40404abb60a612b76c40519b5a70b4cad4318d57ef33a5203945,https://opensea.io/assets/ethereum/0xe785e82358879f061bc3dcac6f0444462d4b5330/9647,0,0,0,21,0.6,0.75,0.9,3,0,1,0.6,0.6,,,,,
cool-cats-nft,cool-cats-nft,7157,Cool Cat #7157,7157,3381000000000000000,3.381,2021-08-31T23:55:50+00:00,1630454150,2021-08-24T23:55:50+00:00,2021-08-31T23:55:50+00:00,['Cool Cat #7157'],0x322006ccf66936649dc736a21fd101a57857b93f,0xdc2ee21439a75a3794b8a1c7734548067ba2e6f7,0x85fd93bb3a394b7c0210b1808ed38b77d327c105dbc0ff5ff4f2b3a434e91b31,https://opensea.io/assets/ethereum/0x1a92f7381b9f03921564a437210bb9396471050c/7157,0,0,0,248,0.4,0.5045871559633027,0.9,55,7,47,0.4,0.4,,,,,
cool-cats-nft,cool-cats-nft,1811,Cool Cat #1811,1811,6990000000000000000,6.99,2021-10-31T23:29:11+00:00,1635722951,2021-10-24T23:29:11+00:00,2021-10-31T23:29:11+00:00,['Cool Cat #1811'],0x4c84f2c943b25ba1fd4aca82244a5b00d90a1ad5,0xb090ca28fe2a6690ff2d6d99d5eea3e65737d8e6,0x582739ac64fdeafd4ad2d65f2ef4c6decb67c8a1fd24136a90caca52395a1362,https://opensea.io/assets/ethereum/0x1a92f7381b9f03921564a437210bb9396471050c/1811,0,0,0,274,0.4,0.5175438596491229,0.9,59,9,46,0.4,0.4,,,,,
cool-cats-nft,cool-cats-nft,7643,Cool Cat #7643,7643,9000000000000000000,9.0,2021-12-31T22:56:39+00:00,1640991399,2021-12-24T22:56:39+00:00,2021-12-31T22:56:39+00:00,['Cool Cat #7643'],0xceeeffa62ed3f22fa1bc27fc1003bb86c7f46b3e,0xa14964479ebf9cd336011ad80652b08cd83dfe3a,0xe0b6ea67dc456feb320a341a4161a04730025c28f8af4800fe116a9e27802340,https://opensea.io/assets/ethereum/0x1a92f7381b9f03921564a437210bb9396471050c/7643,0,0,0,274,0.55,0.6336633663366337,0.9,64,8,29,0.55,0.55,,,,,
cool-cats-nft,cool-cats-nft,2677,Cool Cat #2677,2677,8085000000000000000,8.085,2022-02-28T22:45:38+00:00,1646088338,2022-02-21T22:45:38+00:00,2022-02-28T22:45:38+00:00,['Cool Cat #2677'],0xd233563d7443e4cbc1a09fb04b6c8cd440310017,0x8e0db33daf2bd5237fa3c913518b81c468cb5b1c,0x71843910488fce025962ece22d563ec0340fcfa0510d0415110a740cb85468f1,https://opensea.io/assets/ethereum/0x1a92f7381b9f03921564a437210bb9396471050c/2677,0,0,0,282,0.4,0.5545454545454546,0.9,61,12,37,0.4,0.4,,,,,
cool-cats-nft,cool-cats-nft,5853,Cool Cat #5853,5853,5250000000000000000,5.25,2022-04-30T23:26:42+00:00,1651361202,2022-04-23T23:26:42+00:00,2022-04-30T23:26:42+00:00,['Cool Cat #5853'],0x827d750bf5814780a123e1778a5ac3c746853c28,0x2b7de110fe5dc8e2ffae02e013bd3c0f740da27e,0x0906dd9f7ca8af7205ad4f57cc2ec3241c615e9e2c9811e96edef04576d919a2,https://opensea.io/assets/ethereum/0x1a92f7381b9f03921564a437210bb9396471050c/5853,0,0,0,265,0.4,0.5794392523364486,0.9,62,8,37,0.4,0.4,,,,,
cool-cats-nft,cool-cats-nft,9363,Cool Cat #9363,9363,4000000000000000000,4.0,2022-06-30T21:07:04+00:00,1656623224,2022-06-23T21:07:04+00:00,2022-06-30T21:07:04+00:00,['Cool Cat #9363'],0x3750a6de42f4795aaad99687bd7c46223044c54d,0xa9d60735ab0901f84f5d04b465fa2f1a6d0aa7ee,0x5d6d3bd4807ac96a3461701af6bfc5839e5b7061c296455a1579f13afb96c02c,https://opensea.io/assets/ethereum/0x1a92f7381b9f03921564a437210bb9396471050c/9363,0,0,0,268,0.3,0.494949494949495,0.9,49,12,38,0.3,0.3,,,,,
cool-cats-nft,cool-cats-nft,3498,Cool Cat #3498,3498,2150000000000000000,2.15,2022-08-31T23:18:00+00:00,1661987880,2022-08-24T23:18:00+00:00,2022-08-31T23:18:00+00:00,['Cool Cat #3498'],0xf339db5ef836a1bbd0a9f8e102f82e9f4da8c8ca,0x56db1201d1a37c9b3f2f8be600cbca6ac656473b,,https://opensea.io/assets/ethereum/0x1a92f7381b9f03921564a437210bb9396471050c/3498,0,0,0,247,0.3,0.39622641509433965,0.9,42,12,52,0.3,0.3,,,,,
cool-cats-nft,cool-cats-nft,2975,Cool Cat #2975,2975,2151000000000000000,2.151,2022-10-31T17:34:11+00:00,1667237651,2022-10-24T17:34:11+00:00,2022-10-31T17:34:11+00:00,['Cool Cat #2975'],0x281f18e7cb68e24924bf21e45ec97a4f22828593,0x0e1f8708bfbfc3c9986bf6e393dd29d6885c66db,,https://opensea.io/assets/ethereum/0x1a92f7381b9f03921564a437210bb9396471050c/2975,0,0,0,267,0.4,0.6276595744680851,0.9,59,6,29,0.4,0.4,,,,,
cool-cats-nft,cool-cats-nft,5125,Cool Cat #5125,5125,2500000000000000000,2.5,2022-12-31T23:50:35+00:00,1672530635,2022-12-24T23:50:35+00:00,2022-12-31T23:50:35+00:00,['Cool Cat #5125'],0x1132a4e82ffd4762a94585548f6a1b588092fd16,0x9197f339cca98b2bc14e98235ec1a59cb2090d77,0x65a3a1cc4dfbf1083a6e0adf3870ace4501df7703d861a34e62b3cf36d090cb8,https://opensea.io/assets/ethereum/0x1a92f7381b9f03921564a437210bb9396471050c/5125,0,0,0,21,0.1,0.5,0.9,3,3,0,0.1,0.1,,,,,
meebits,meebits,2397,Meebit #2397,2397,715000000000000000,0.715,2021-06-30T23:12:27+00:00,1625094747,2021-06-23T23:12:27+00:00,2021-06-30T23:12:27+00:00,['Meebit #2397'],0x65ab793bd82cf8d9f035d4742b95e2c16a6b8849,0xe39b6ba2d97a1b7eae31a873a9abe0a041a37c1d,0x6db3141165918df12d5171b587c2add038f85ab144afa79632712fe840794e85,https://opensea.io/assets/ethereum/0x7bd29408f11d2bfc23c34f18275bbf23bb716bc7/2397,0,0,0,256,0.4,0.411214953271028,0.9,44,5,58,0.4,0.4,,,,,
meebits,meebits,13662,Meebit #13662,13662,7100000000000000000,7.1,2021-08-31T23:55:50+00:00,1630454150,2021-08-24T23:55:50+00:00,2021-08-31T23:55:50+00:00,['Meebit #13662'],0x84cf326cba2a610163a59613e1ae258d2cafe9f6,0x05b5a4a8664025a72b1454c87776e0e03bdd8dfe,0x6e0253aa7d78a6bcc18027592791e42118d5660572e63c03d0d19af40aa413b8,https://opensea.io/assets/ethereum/0x7bd29408f11d2bfc23c34f18275bbf23bb716bc7/13662,0,0,0,248,0.0,0.5,0.9,29,5,77,0.0,0.0,,,,,
meebits,meebits,5934,Meebit #5934,5934,4490000000000000000,4.49,2021-10-31T19:40:16+00:00,1635709216,2021-10-24T19:40:16+00:00,2021-10-31T19:40:16+00:00,['Meebit #5934'],0xb8d1c5d0b34c2335d56a954b91f8bd533a04c2fc,0x7c19da8c30d5d40fcca0129a33e63369123d10ff,0x7be9a549edf00e2c604801f9c1e038b888129bfd499e033141a854fce39c7ac6,https://opensea.io/assets/ethereum/0x7bd29408f11d2bfc23c34f18275bbf23bb716bc7/5934,0,0,0,274,0.4,0.5,0.9,61,7,54,0.4,0.4,,,,,
meebits,meebits,15053,Meebit #15053,15053,10000000000000000000,10.0,2021-12-31T21:44:39+00:00,1640987079,2021-12-24T21:44:39+00:00,2021-12-31T21:44:39+00:00,['Meebit #15053'],0x6e8fb75d1bbc5d549c53443e96935e921c5bbb40,0x3ebd4d6d131a2275dce5e7ae8a2cd66cd1d7e766,0x36c44b86100b48ad6a58fbae244e4410e860e1235722855dd95d4237378dcc08,https://opensea.io/assets/ethereum/0x7bd29408f11d2bfc23c34f18275bbf23bb716bc7/15053,0,0,0,273,0.0,0.5,0.9,30,1,67,0.0,0.0,,,,,
meebits,meebits,4444,Meebit #4444,4444,6000000000000000000,6.0,2022-02-28T22:28:28+00:00,1646087308,2022-02-21T22:28:28+00:00,2022-02-28T22:28:28+00:00,['Meebit #4444'],0x4191131cd452e9729546b79f9f4e00c12e1d1c22,0x4bbb41f61fffc1bbe65a2aa192c65281e16ea758,0xc5d309a38a8fd4917b16e413084bdc965676344ac0e440772c5e87035f8c1563,https://opensea.io/assets/ethereum/0x7bd29408f11d2bfc23c34f18275bbf23bb716bc7/4444,0,0,0,274,0.3,0.4628099173553719,0.9,56,15,50,0.3,0.3,,,,,
meebits,meebits,19317,Meebit #19317,19317,7100000000000000000,7.1,2022-04-30T23:56:59+00:00,1651363019,2022-04-23T23:56:59+00:00,2022-04-30T23:56:59+00:00,['Meebit #19317'],0xbcf3acfd422ff2b5b43c11dba41c290a2679ed85,0x541096a86e15a9afb43d50cd0b346f584738fb7d,0x7c5d6c14d2341d64959b3383f1de2ba0e7c9f8d618b1770c3494f85e33251e9b,https://opensea.io/assets/ethereum/0x7bd29408f11d2bfc23c34f18275bbf23bb716bc7/19317,0,0,0,256,0.0,0.5,0.9,26,5,70,0.0,0.0,,,,,
meebits,meebits,19564,Meebit #19564,19564,158000000000000000000,158.0,2022-06-30T18:49:44+00:00,1656614984,2022-06-23T18:49:44+00:00,2022-06-30T18:49:44+00:00,['Meebit #19564'],0xa12c5c80d594e78f7bdef9842aa234b65339bd21,0x91a3a407c4e8d07134641cffcf8a55e0059925c7,0x8181134ce4cd4c21cb303cb050ae2c4cd8819c108715302872b8799e1b522045,https://opensea.io/assets/ethereum/0x7bd29408f11d2bfc23c34f18275bbf23bb716bc7/19564,0,0,0,221,0.4,0.5056179775280899,0.9,45,8,36,0.4,0.4,,,,,
meebits,meebits,6040,Meebit #6040,6040,3450000000000000000,3.45,2022-08-31T23:11:16+00:00,1661987476,2022-08-24T23:11:16+00:00,2022-08-31T23:11:16+00:00,['Meebit #6040'],0x141bed06eb2d49cecda6a04adc5cdd6b10e655f9,0xf01742a83f5acb6097c092083ed806ad1a6cfc57,,https://opensea.io/assets/ethereum/0x7bd29408f11d2bfc23c34f18275bbf23bb716bc7/6040,0,0,0,255,0.4,0.5565217391304348,0.9,64,12,39,0.4,0.4,,,,,
meebits,meebits,6843,Meebit #6843,6843,4200000000000000000,4.2,2022-10-31T20:59:59+00:00,1667249999,2022-10-24T20:59:59+00:00,2022-10-31T20:59:59+00:00,['Meebit #6843'],0xc8ec3491a809ed237b1af51a1f009e5b47d63b0f,0xba942ba205ddcfbe56eb3fa0d1e325b4c9a9638a,,https://opensea.io/assets/ethereum/0x7bd29408f11d2bfc23c34f18275bbf23bb716bc7/6843,0,0,0,259,0.25,0.38613861386138615,0.9,39,14,48,0.25,0.25,,,,,
meebits,meebits,16923,Meebit #16923,16923,3838000000000000000,3.838,2022-12-31T23:52:11+00:00,1672530731,2022-12-24T23:52:11+00:00,2022-12-31T23:52:11+00:00,['Meebit #16923'],0x9dc56d9153b0c89bc8eb4937f39a5daa6a7721d7,0x45c949fdca5c92b42d3c8d6294287626bcea612d,0xdc638929e2d80c849684bae60e0d6760ae39c9e20842ca79ce5a05adbe6d76f6,https://opensea.io/assets/ethereum/0x7bd29408f11d2bfc23c34f18275bbf23bb716bc7/16923,0,0,0,14,0.3,0.6,0.9,3,1,1,0.3,0.3,,,,,
bored-ape-kennel-club,bored-ape-kennel-club,7179,,7179,649000000000000000,0.649,2021-06-30T23:31:52+00:00,1625095912,2021-06-23T23:31:52+00:00,2021-06-30T23:31:52+00:00,['bored-ape-kennel-club 7179'],0x2542cd74b123f9375e242ec74ecc2e0cbe8fecd3,0x12c5e1a519c77da71536aa2ea83d14bc1a975e97,0xd0a056df927323d12b07dc9b8deca48e4b3ea05bab0adbf251b2150e41bf36a1,https://opensea.io/assets/ethereum/0xba30e5f9bb24caa003e9f2f0497ad287fdf95623/7179,0,0,0,249,0.4,0.5,0.9,51,7,44,0.4,0.4,,,,,
bored-ape-kennel-club,bored-ape-kennel-club,4816,,4816,4200000000000000000,4.2,2021-08-31T23:42:48+00:00,1630453368,2021-08-24T23:42:48+00:00,2021-08-31T23:42:48+00:00,['bored-ape-kennel-club 4816'],0xa86691c1460c6d03a58c4e37b57703a329f698ee,0x25caefab70475f9d667e892276f868ebe3c74137,0x233b8694345aa89fbc7b4b613204e2e4cd65bd055419176aa71ed5b41518cac2,https://opensea.io/assets/ethereum/0xba30e5f9bb24caa003e9f2f0497ad287fdf95623/4816,0,0,0,263,0.4,0.42105263157894735,0.9,56,8,69,0.4,0.4,,,,,
bored-ape-kennel-club,bored-ape-kennel-club,4594,,4594,2000000000000000000,2.0,2021-10-31T20:47:27+00:00,1635713247,2021-10-24T20:47:27+00:00,2021-10-31T20:47:27+00:00,['bored-ape-kennel-club 4594'],0xab11d77764e2b27e33ece79ad6e7085e0bf3a46a,0x220955faae2bb642c0775795b3fc1580a40db712,0xc268f285cee0dc6fddfcdab55c1420f6aafa2d65b1cd47913aa59a90b244eba3,https://opensea.io/assets/ethereum/0xba30e5f9bb24caa003e9f2f0497ad287fdf95623/4594,0,0,0,263,0.4,0.3883495145631068,0.9,40,12,51,0.4,0.4,,,,,
bored-ape-kennel-club,bored-ape-kennel-club,6078,,6078,4400000000000000000,4.4,2021-12-31T23:24:23+00:00,1640993063,2021-12-24T23:24:23+00:00,2021-12-31T23:24:23+00:00,['bored-ape-kennel-club 6078'],0xe80ede77b1d15c37104cd43cf2ecb221e1cd0818,0xe0c2f2fc81c9b7fc718eaaf6baefb3b8e8744d16,0x8e1c9a73a015f4cb1f9cdaf955052ab2422d263b710997401bb5e74e1e0d7255,https://opensea.io/assets/ethereum/0xba30e5f9bb24caa003e9f2f0497ad287fdf95623/6078,0,0,0,249,0.4,0.5656565656565656,0.9,56,9,34,0.4,0.4,,,,,
bored-ape-kennel-club,bored-ape-kennel-club,2313,,2313,7240000000000000000,7.24,2022-02-28T17:43:06+00:00,1646070186,2022-02-21T17:43:06+00:00,2022-02-28T17:43:06+00:00,['bored-ape-kennel-club 2313'],0xa6068a5d4d30bcac9f6c47aaea7427ece94f038d,0x2817d099e7c4284ed5d23af6271e9256c529bd49,0xa26165f4a70a0813e4eb90c0948198a38838c84c73f43fdab0a37a2cd0a9649f,https://opensea.io/assets/ethereum/0xba30e5f9bb24caa003e9f2f0497ad287fdf95623/2313,0,0,0,267,0.5,0.5789473684210527,0.9,66,5,43,0.5,0.5,,,,,
bored-ape-kennel-club,bored-ape-kennel-club,4651,,4651,9800000000000000000,9.8,2022-04-30T23:37:29+00:00,1651361849,2022-04-23T23:37:29+00:00,2022-04-30T23:37:29+00:00,['bored-ape-kennel-club 4651'],0x55af614bb9d2e9c412d614be8901553b9c6156c7,0x593d80d574598f4d4eaaa5b305451c66add752e2,0xb622f34f87496c0f98263c660b2e02f0dd1e836112565d8d8cbdc64272ecb438,https://opensea.io/assets/ethereum/0xba30e5f9bb24caa003e9f2f0497ad287fdf95623/4651,0,0,0,274,0.4,0.5688073394495413,0.9,62,6,41,0.4,0.4,,,,,
bored-ape-kennel-club,bored-ape-kennel-club,6997,,6997,6080000000000000000,6.08,2022-06-30T22:34:46+00:00,1656628486,2022-06-23T22:34:46+00:00,2022-06-30T22:34:46+00:00,['bored-ape-kennel-club 6997'],0x7c4a1460319e7a4662fed2ef32d268465a78a705,0x2007b11534986215fad4e8e8f6fad05d1f5aecca,0xd37883cc7e3bcdd99cb638c651f0e33b9bc57d60618f96323e2657c44a685484,https://opensea.io/assets/ethereum/0xba30e5f9bb24caa003e9f2f0497ad287fdf95623/6997,0,0,0,251,0.4,0.5483870967741935,0.9,51,12,30,0.4,0.4,,,,,
bored-ape-kennel-club,bored-ape-kennel-club,6424,,6424,7050000000000000000,7.05,2022-08-31T23:57:06+00:00,1661990226,2022-08-24T23:57:06+00:00,2022-08-31T23:57:06+00:00,['bored-ape-kennel-club 6424'],0xc4c6c27b2259794a1dd35d438e703281c0e4a004,0xad91fee783c9a1adc2f5e7a471e8dc4e0e0e9abb,,https://opensea.io/assets/ethereum/0xba30e5f9bb24caa003e9f2f0497ad287fdf95623/6424,0,0,0,258,0.55,0.6224489795918368,0.9,61,7,30,0.55,0.55,,,,,
bored-ape-kennel-club,bored-ape-kennel-club,1906,,1906,4800100000000000000,4.8001,2022-10-31T22:55:47+00:00,1667256947,2022-10-24T22:55:47+00:00,2022-10-31T22:55:47+00:00,['bored-ape-kennel-club 1906'],0x077ed85a3dfc9d8d086c280fb7429f6a8e65f750,0xbe4fa7df47229247eb551c67a8726004ee5a668d,,https://opensea.io/assets/ethereum/0xba30e5f9bb24caa003e9f2f0497ad287fdf95623/1906,0,0,0,251,0.3,0.4948453608247423,0.9,48,13,36,0.3,0.3,,,,,
bored-ape-kennel-club,bored-ape-kennel-club,2468,,2468,9100000000000000000,9.1,2022-12-31T23:47:35+00:00,1672530455,2022-12-24T23:47:35+00:00,2022-12-31T23:47:35+00:00,['bored-ape-kennel-club 2468'],0x011093322a9cbdc707b371996f8b4100bfa8793c,0x300d65b82c39ca315cbd8c26c9e20d2267f8edee,0xbb7d3b9b8b59afcb07c4992bc229de8f95d569e16dc96306ce2e13c30d2848d0,https://opensea.io/assets/ethereum/0xba30e5f9bb24caa003e9f2f0497ad287fdf95623/2468,0,0,0,0,0.0,0.0,0.0,0,0,0,0.0,0.0,,,,,
veefriends,veefriends,9505,Trusting Tarantula,9505,4000000000000000000,4.0,2021-06-30T23:50:40+00:00,1625097040,2021-06-23T23:50:40+00:00,2021-06-30T23:50:40+00:00,['Trusting Tarantula'],0x350acf742c72670d28bed83c77fb526891c19f9c,0xf156550a43acbbce81661b96997a5c1de357fa66,0x79c556a9e9ede8458300a452690d519a3f03d7d6e78b26aa493ac887c1c58897,https://opensea.io/assets/ethereum/0xa3aee8bce55beea1951ef834b99f3ac60d1abeeb/9505,0,0,0,260,0.5,0.6296296296296297,0.9,68,8,32,0.5,0.5,,,,,
veefriends,veefriends,6327,Methodical Mammoth,6327,9000000000000000000,9.0,2021-08-31T23:52:44+00:00,1630453964,2021-08-24T23:52:44+00:00,2021-08-31T23:52:44+00:00,['Methodical Mammoth'],0x0767e7b07fe3816d69e8ae9cce87b011af0199ba,0x962a7d642178c87eeec92240669ec98f868dc54e,0xd3c91122f354bf5a3fe7d66057187a4584c6977ec69c25dcff3726ae65971a17,https://opensea.io/assets/ethereum/0xa3aee8bce55beea1951ef834b99f3ac60d1abeeb/6327,0,0,0,259,0.3,0.44761904761904764,0.9,47,10,48,0.3,0.3,,,,,
veefriends,veefriends,9993,Wise Wasp,9993,12790000000000000000,12.79,2021-10-31T23:16:25+00:00,1635722185,2021-10-24T23:16:25+00:00,2021-10-31T23:16:25+00:00,['Wise Wasp'],0x436df0ce1ddc9e5851395737fc76d2a3f923acc1,0xdbc30d47297b5360f5fb386e5791b6ca75ba54a9,0xb3a0654785b81e056ef49edb7b0d187cd80bbc716047e8bf313cea3c984e513b,https://opensea.io/assets/ethereum/0xa3aee8bce55beea1951ef834b99f3ac60d1abeeb/9993,0,0,0,282,0.3,0.4649122807017544,0.9,53,6,55,0.3,0.3,,,,,
veefriends,veefriends,1768,Cheerful Chipmunk,1768,9490000000000000000,9.49,2021-12-31T23:31:03+00:00,1640993463,2021-12-24T23:31:03+00:00,2021-12-31T23:31:03+00:00,['Cheerful Chipmunk'],0xb9bbf6624a1ff578b2529fc64581f12c4c9a5133,0x63e153335a166d0494b81e86cd15d3ad2b730545,0x7f2f0d58b2d46de659d7388f3bcf9c43226f2b4c64e0096dc6f025d1853a962a,https://opensea.io/assets/ethereum/0xa3aee8bce55beea1951ef834b99f3ac60d1abeeb/1768,0,0,0,265,0.4,0.5660377358490566,0.9,60,10,36,0.4,0.4,,,,,
veefriends,veefriends,989,Be The Bigger Person,989,13900000000000000000,13.9,2022-02-28T20:39:24+00:00,1646080764,2022-02-21T20:39:24+00:00,2022-02-28T20:39:24+00:00,['Be The Bigger Person'],0x02b7b02958baa0a824d054d8fd988174320175c2,0x981616a46913b4798dda1e96518336f3486643d7,0xab0092eed03250b79bf9217dc344707ccb635340423a57ab62dd3ae73111b178,https://opensea.io/assets/ethereum/0xa3aee8bce55beea1951ef834b99f3ac60d1abeeb/989,0,0,0,270,0.4,0.5350877192982456,0.9,61,8,45,0.4,0.4,,,,,
veefriends,veefriends,4634,Happy Hermit Crab,4634,8498800000000000000,8.4988,2022-04-30T23:24:22+00:00,1651361062,2022-04-23T23:24:22+00:00,2022-04-30T23:24:22+00:00,['Happy Hermit Crab'],0x4e3023a4af4d44603a5c12cf342d38738b274d89,0x73af95adc0dd89c15cf35a81b63d351c158c292e,0x317d0fd479097be9249bd47f70e79db3a3629da16af292fdf975d4cfca8042e6,https://opensea.io/assets/ethereum/0xa3aee8bce55beea1951ef834b99f3ac60d1abeeb/4634,0,0,0,271,0.4,0.5728155339805825,0.9,59,11,33,0.4,0.4,,,,,
veefriends,veefriends,1855,Clever Crocodile,1855,8100000000000000000,8.1,2022-06-30T21:17:32+00:00,1656623852,2022-06-23T21:17:32+00:00,2022-06-30T21:17:32+00:00,['Clever Crocodile'],0x27588c7af3c87903f589df06c0c7aa14f5956b01,0x6982f5da70802f882fcc2cf2f02b3ba6778cc61e,0x0dbba8b1ae6fb1d46a0beb172b5d8fea045795e1c7f0d1f93a1fceba24b444f5,https://opensea.io/assets/ethereum/0xa3aee8bce55beea1951ef834b99f3ac60d1abeeb/1855,0,0,0,265,0.3,0.48148148148148145,0.9,52,14,42,0.3,0.3,,,,,
veefriends,veefriends,2887,Enamoured Emu,2887,15900000000000000000,15.9,2022-08-31T18:11:02+00:00,1661969462,2022-08-24T18:11:02+00:00,2022-08-31T18:11:02+00:00,['Enamoured Emu'],0x6aeb5819117eb3df7f90691296fed00e822ddce1,0x5af4a30c39f329097d4873705e9d5cece987d03d,,https://opensea.io/assets/ethereum/0xa3aee8bce55beea1951ef834b99f3ac60d1abeeb/2887,0,0,0,266,0.3,0.45161290322580644,0.9,42,11,40,0.3,0.3,,,,,
veefriends,veefriends,1042,Befuddled Burglar,1042,10000000000000000000,10.0,2022-08-28T17:48:25+00:00,1661708905,2022-08-21T17:48:25+00:00,2022-08-28T17:48:25+00:00,['Befuddled Burglar'],0xff7d5c8863069734e50c2b607e16bad02c4986dc,0x231420a3116ee1cfa0d9f73093bc598a4e63d391,,https://opensea.io/assets/ethereum/0xa3aee8bce55beea1951ef834b99f3ac60d1abeeb/1042,0,0,0,258,0.5,0.6,0.9,66,5,39,0.5,0.5,,,,,
veefriends,veefriends,1679,Charismatic Chameleon,1679,5300000000000000000,5.3,2022-10-31T01:43:59+00:00,1667180639,2022-10-24T01:43:59+00:00,2022-10-31T01:43:59+00:00,['Charismatic Chameleon'],0x6b6ae848f555f70944bc99d736fe29fcaecf8b23,0x6f4e3617db82be3aa2f470de50051f7b3f95be9b,0xe5e4b44ed7b698938a59efcd58f703c9665fcd80e03a0180fa523d7a4011f1d7,https://opensea.io/assets/ethereum/0xa3aee8bce55beea1951ef834b99f3ac60d1abeeb/1679,0,0,0,227,0.4,0.5376344086021505,0.9,50,7,36,0.4,0.4,,,,,
cyberkongz,cyberkongz,378,CyberKong #378,378,1750000000000000000,1.75,2021-04-29T05:43:48+00:00,1619675028,2021-04-22T05:43:48+00:00,2021-04-29T05:43:48+00:00,['CyberKong #378'],0x887fb037ca3f3725fe12c928443ece0280dde1e1,0x92f93fadcacb86f6bd163a87a0944341b838cc62,0x84fa2dae148160e1fbb836a4f5c9b6a4a1fc12673558e85a65f26d041ba3b738,https://opensea.io/assets/ethereum/0x57a204aa1042f6e66dd7730813f4024114d74f37/378,0,0,0,237,0.3,0.5104166666666666,0.9,49,10,37,0.3,0.3,,,,,
cyberkongz,cyberkongz,25,CyberKong #25,25,2500000000000000000,2.5,2021-04-24T14:08:40+00:00,1619273320,2021-04-17T14:08:40+00:00,2021-04-24T14:08:40+00:00,['CyberKong #25'],0xb27cada5ece909e8c953897f8036547997fe03ad,0x4436b0b26a76ccd25f6b97324c42df4b0f0ed3ab,0x2d5f097e44e974daafa9a9137f8c61dfc27f2c533c723d1b5136043b9e86021d,https://opensea.io/assets/ethereum/0x57a204aa1042f6e66dd7730813f4024114d74f37/25,0,0,0,255,0.4,0.4411764705882353,0.9,45,5,52,0.4,0.4,,,,,
cyberkongz,cyberkongz,952,CyberKong #952,952,4200000000000000000000,4200.0,2021-06-30T14:50:16+00:00,1625064616,2021-06-23T14:50:16+00:00,2021-06-30T14:50:16+00:00,['CyberKong #952'],0x4a9a34a36faedeab457344dea77228dcd318adff,0x0f8dcfff4f826c15601b62ac771d804699b3886c,0xcc7821d8c902b096d2054352df3ca9a4a87debb7d1e7ecb457004c130f5a36ab,https://opensea.io/assets/ethereum/0x57a204aa1042f6e66dd7730813f4024114d74f37/952,0,0,0,250,0.3,0.4090909090909091,0.9,45,7,58,0.3,0.3,,,,,
cyberkongz,cyberkongz,471,CyberKong #471,471,43000000000000000000,43.0,2021-08-31T00:54:39+00:00,1630371279,2021-08-24T00:54:39+00:00,2021-08-31T00:54:39+00:00,['CyberKong #471'],0xc5d7be4a4e5957baa078201f41d9fd5f21b91b1b,0x987df219564cd274d32b4b442ffad1a185fc0509,0x2995f51237d102fb23e5a3db99c06f5aaeb440e7729cb7084b716df6eb730dc3,https://opensea.io/assets/ethereum/0x57a204aa1042f6e66dd7730813f4024114d74f37/471,0,0,0,274,0.4,0.4765625,0.9,61,11,56,0.4,0.4,,,,,
cyberkongz,cyberkongz,79,CyberKong #79,79,110000000000000000000,110.0,2021-10-29T17:18:38+00:00,1635527918,2021-10-22T17:18:38+00:00,2021-10-29T17:18:38+00:00,['CyberKong #79'],0xa3352e46871094e4f44a9f543b2c72559f54bf2d,0x0ecebc0e9ce547e4a2a6f616a1122ce28a953971,0xa7ec3d8380f40202d60e0ec1b67cedcc76adaa35be10d597bd1dbbf2216db005,https://opensea.io/assets/ethereum/0x57a204aa1042f6e66dd7730813f4024114d74f37/79,0,0,0,268,0.3,0.4107142857142857,0.9,46,7,59,0.3,0.3,,,,,
cyberkongz,cyberkongz,453,CyberKong 453 #453,453,135000000000000000000,135.0,2021-10-25T22:33:57+00:00,1635201237,2021-10-18T22:33:57+00:00,2021-10-25T22:33:57+00:00,['CyberKong 453 #453'],0xe9221da11e30d7ae31cfbc48664b111e5d01e86b,0x62bdc64a14405e797f86796ea3c2476209ee0bf9,0x56cb78094e0b6a86a9777b07b4da3931dd58067af88bb8e31605ff8d9d1ef9ed,https://opensea.io/assets/ethereum/0x57a204aa1042f6e66dd7730813f4024114d74f37/453,0,0,0,287,0.4,0.37398373983739835,0.9,46,7,70,0.4,0.4,,,,,
cyberkongz,cyberkongz,704,CyberKong #704,704,52990000000000000000,52.99,2021-12-31T16:01:17+00:00,1640966477,2021-12-24T16:01:17+00:00,2021-12-31T16:01:17+00:00,['CyberKong #704'],0x78abc82fec24e9f65558c31a7536efd4e00cf9b9,0xd0a832b0ef33af4a8da6ada598409c8f8827f462,0x11331e08d25ab88a270498fb63bb8884b6d7dbad8684ab97ce597e33949cef54,https://opensea.io/assets/ethereum/0x57a204aa1042f6e66dd7730813f4024114d74f37/704,0,0,0,276,0.4,0.6090909090909091,0.9,67,10,33,0.4,0.4,,,,,
cyberkongz,cyberkongz,516,CyberKong #516,516,48000000000000000000,48.0,2021-12-25T03:46:38+00:00,1640403998,2021-12-18T03:46:38+00:00,2021-12-25T03:46:38+00:00,['CyberKong #516'],0xfc58ab0c3d7810b05af4b347653dab8187e22c1b,0x85e528a8d0bba919428f9f16048548c13f7bad87,0xda6ecba83991752aa63b6577c3f875f4f51657269ccfd1ba0a65f0e37076d5ad,https://opensea.io/assets/ethereum/0x57a204aa1042f6e66dd7730813f4024114d74f37/516,0,0,0,271,0.4,0.6391752577319587,0.9,62,11,24,0.4,0.4,,,,,
cyberkongz,cyberkongz,45,CyberKong #45,45,75000000000000000000,75.0,2022-02-24T00:26:11+00:00,1645662371,2022-02-17T00:26:11+00:00,2022-02-24T00:26:11+00:00,['CyberKong #45'],0x4082a05e4fdaf388ad68332797caa0c7d4d13374,0xea11f3dfacfb19974f8d8a7111b624348f96668d,0xa468386484c47f0905291dbb4dc5f576f329b811772966523c06d154574813e5,https://opensea.io/assets/ethereum/0x57a204aa1042f6e66dd7730813f4024114d74f37/45,0,0,0,264,0.3,0.46296296296296297,0.9,50,13,45,0.3,0.3,,,,,
cyberkongz,cyberkongz,141,CyberKong #141,141,71000000000000000000,71.0,2022-02-18T23:52:34+00:00,1645228354,2022-02-11T23:52:34+00:00,2022-02-18T23:52:34+00:00,['CyberKong #141'],0x85e528a8d0bba919428f9f16048548c13f7bad87,0x73ceb9615cb499e6414e8ee77ed83b662c2d2c92,0x7a7ad7910282f5986636c9484a2d07eeb62be124835639e103a1eb7f056ef8e4,https://opensea.io/assets/ethereum/0x57a204aa1042f6e66dd7730813f4024114d74f37/141,0,0,0,272,0.3,0.45161290322580644,0.9,42,14,37,0.3,0.3,,,,,
lazy-lions,lazy-lions,6623,#6623,6623,519800000000000000,0.5198,2021-08-31T23:59:12+00:00,1630454352,2021-08-24T23:59:12+00:00,2021-08-31T23:59:12+00:00,['#6623'],0xd441b995dfc6b576077292c4f26ffae456057d4e,0xe8df15b815062f7a2516bb5d4178eb9c8d9ae552,0x913c604f30b5503e6e563d909ecb76ad08bbc33d94a1f78ada7d6c51c6db835f,https://opensea.io/assets/ethereum/0x8943c7bac1914c9a7aba750bf2b6b09fd21037e0/6623,0,0,0,263,0.4,0.45535714285714285,0.9,51,12,49,0.4,0.4,,,,,
lazy-lions,lazy-lions,5063,#5063,5063,1360000000000000000,1.36,2021-10-31T22:55:12+00:00,1635720912,2021-10-24T22:55:12+00:00,2021-10-31T22:55:12+00:00,['#5063'],0x76a95870658453ca577527be5dfdc7d2fa0ce5ba,0x443d1f8a358b8f76df166e7c59afd4cba70073c7,0x21d1e567dcb03a910b69627f0f8ac2305be4e52ae30fe38ff3f0fca579189c0a,https://opensea.io/assets/ethereum/0x8943c7bac1914c9a7aba750bf2b6b09fd21037e0/5063,0,0,0,259,0.4,0.4563106796116505,0.9,47,10,46,0.4,0.4,,,,,
lazy-lions,lazy-lions,4281,#4281,4281,1250000000000000000,1.25,2021-12-31T23:54:44+00:00,1640994884,2021-12-24T23:54:44+00:00,2021-12-31T23:54:44+00:00,['#4281'],0x0e589272424b84ac777d3ed55c139be00655901c,0x2806a3d1657c676f1af375c36ec5ee01f8246e83,0xf3b436c491a75b4223daf9095bd69ff684a921d4dd0110da1e4cfd0e32ea8810,https://opensea.io/assets/ethereum/0x8943c7bac1914c9a7aba750bf2b6b09fd21037e0/4281,0,0,0,263,0.6,0.6330275229357798,0.9,69,4,36,0.6,0.6,,,,,
lazy-lions,lazy-lions,2830,#2830,2830,1990000000000000000,1.99,2022-02-28T19:12:09+00:00,1646075529,2022-02-21T19:12:09+00:00,2022-02-28T19:12:09+00:00,['#2830'],0x07682c7639e8fd5e20345919a2c5a27f6b9ea994,0x201504dd044277d2de9a416d922485f81064b350,0xc17e9126c9e645b1df65147ee611c57a756fd122fb116076d0cff6ac7b7233da,https://opensea.io/assets/ethereum/0x8943c7bac1914c9a7aba750bf2b6b09fd21037e0/2830,0,0,0,285,0.4,0.5546218487394958,0.9,66,8,45,0.4,0.4,,,,,
lazy-lions,lazy-lions,3100,#3100,3100,741000000000000000,0.741,2022-04-30T23:34:48+00:00,1651361688,2022-04-23T23:34:48+00:00,2022-04-30T23:34:48+00:00,['#3100'],0xd86e3031447a197cd24e80bf3913c63bd1021451,0x54fa3cf57059696d9c7aa52dec6d51886cb4c01e,0xdcf347ad6a4ce6d0ded12084b0b9f404239d1e5d18dc03073c957dc7335068c2,https://opensea.io/assets/ethereum/0x8943c7bac1914c9a7aba750bf2b6b09fd21037e0/3100,0,0,0,273,0.3,0.4791666666666667,0.9,46,11,39,0.3,0.3,,,,,
lazy-lions,lazy-lions,4383,#4383,4383,690000000000000000,0.69,2022-06-30T21:54:30+00:00,1656626070,2022-06-23T21:54:30+00:00,2022-06-30T21:54:30+00:00,['#4383'],0x7eed44707e146ac9d015993e2d169842bc3ef959,0x9111e3bb21c3d67ecfdb2ed8c31835d0e790d2c3,,https://opensea.io/assets/ethereum/0x8943c7bac1914c9a7aba750bf2b6b09fd21037e0/4383,0,0,0,241,0.3,0.46987951807228917,0.9,39,9,35,0.3,0.3,,,,,
lazy-lions,lazy-lions,2302,#2302,2302,450000000000000000,0.45,2022-08-31T18:17:55+00:00,1661969875,2022-08-24T18:17:55+00:00,2022-08-31T18:17:55+00:00,['#2302'],0x6a5df27b17f03e100ceb809d1faf5fe0e96c54d1,0xac67d7e5becd56ffd73cfb45e1cf0b75913c2a3a,,https://opensea.io/assets/ethereum/0x8943c7bac1914c9a7aba750bf2b6b09fd21037e0/2302,0,0,0,261,0.4,0.5425531914893617,0.9,51,5,38,0.4,0.4,,,,,
lazy-lions,lazy-lions,6441,#6441,6441,425000000000000000,0.425,2022-10-31T20:52:59+00:00,1667249579,2022-10-24T20:52:59+00:00,2022-10-31T20:52:59+00:00,['#6441'],0xae87e9c20fc79160b6952e51b269231ee170e9c2,0x483fa0b9a3a3a0434a11e39c0e19bbfb7d702573,,https://opensea.io/assets/ethereum/0x8943c7bac1914c9a7aba750bf2b6b09fd21037e0/6441,0,0,0,252,0.3,0.44680851063829785,0.9,42,10,42,0.3,0.3,,,,,
lazy-lions,lazy-lions,898,#898,898,430000000000000000,0.43,2022-12-31T23:59:59+00:00,1672531199,2022-12-24T23:59:59+00:00,2022-12-31T23:59:59+00:00,['#898'],0x6c245a9d77d8c451ac08eb45f61ca05c0bf14106,0xaf8e3482816e71e419e15c57024a67ea5336bbd4,0xa56ad0e7723066fc873af6e45c834d5702b2f179ed335a450924b36113997759,https://opensea.io/assets/ethereum/0x8943c7bac1914c9a7aba750bf2b6b09fd21037e0/898,0,0,0,40,0.4,0.5,0.9,9,2,7,0.4,0.4,,,,,
deadfellaz,deadfellaz,9412,DeadFellaz #9412,9412,290000000000000000,0.29,2021-08-31T23:49:33+00:00,1630453773,2021-08-24T23:49:33+00:00,2021-08-31T23:49:33+00:00,['DeadFellaz #9412'],0x32a3e992281152ea0d7967b581791ca702b9f636,0xea3267593eed4f46a68546c90ebf0ccb0e9ca4da,0x1bcbf76c3d1a0e9a5dbec55c16477b96113751d91a727da1c609def02e906cc0,https://opensea.io/assets/ethereum/0x2acab3dea77832c09420663b0e1cb386031ba17b/9412,0,0,0,263,0.3,0.4247787610619469,0.9,48,14,51,0.3,0.3,,,,,
deadfellaz,deadfellaz,9286,DeadFellaz #9286,9286,619000000000000000,0.619,2021-10-31T23:12:56+00:00,1635721976,2021-10-24T23:12:56+00:00,2021-10-31T23:12:56+00:00,['DeadFellaz #9286'],0xa3e525f573668bed0fc2484084d1505189ee3aa3,0x228f9fd74f35080771a9e858f9575451d3ccf7ed,0x02d9d36d4582a1931a54fc3351c6a5ed77e4a622b6e4ae4e024cba82b8a66f90,https://opensea.io/assets/ethereum/0x2acab3dea77832c09420663b0e1cb386031ba17b/9286,0,0,0,268,0.4,0.5904761904761905,0.9,62,7,36,0.4,0.4,,,,,
deadfellaz,deadfellaz,7415,DeadFellaz #7415,7415,1950000000000000000,1.95,2021-12-31T23:58:22+00:00,1640995102,2021-12-24T23:58:22+00:00,2021-12-31T23:58:22+00:00,['DeadFellaz #7415'],0x8b590aeeb6697e3813a8db2cc13d5e67e60e1c88,0x320db662d8212e01c45de343cd9bde2aa644e022,0x552bf57833945362e5c4395e49e054694ed30a69d198f6a908f7af651c806d34,https://opensea.io/assets/ethereum/0x2acab3dea77832c09420663b0e1cb386031ba17b/7415,0,0,0,285,0.6,0.6504854368932039,0.9,67,7,29,0.6,0.6,,,,,
deadfellaz,deadfellaz,5428,DeadFellaz #5428,5428,2700000000000000000,2.7,2022-02-28T23:58:16+00:00,1646092696,2022-02-21T23:58:16+00:00,2022-02-28T23:58:16+00:00,['DeadFellaz #5428'],0x9e00c4fa1b3d19b28b560814cefd6d3ab57cf191,0x10c45c8b122916cb0c4b01f3df54e34b46b0bc9b,0xaf4edb81785e0254df5cf423cd85d3c7659846873d2a3c03133b008599a1f6dc,https://opensea.io/assets/ethereum/0x2acab3dea77832c09420663b0e1cb386031ba17b/5428,0,0,0,277,0.3,0.5353535353535354,0.9,53,18,28,0.3,0.3,,,,,
deadfellaz,deadfellaz,5240,DeadFellaz #5240,5240,1430000000000000000,1.43,2022-04-30T23:47:24+00:00,1651362444,2022-04-23T23:47:24+00:00,2022-04-30T23:47:24+00:00,['DeadFellaz #5240'],0xe19f270db30d4e6ff3fcdab7c59f705a70e26fee,0x1b7835d140610e14a4c86be24944d5243d5a4a81,0x71246364c0b48a51d629c9d8fe093c9a2a1835209ce530136b93a5b542fea60e,https://opensea.io/assets/ethereum/0x2acab3dea77832c09420663b0e1cb386031ba17b/5240,0,0,0,256,0.4,0.5052631578947369,0.9,48,9,38,0.4,0.4,,,,,
deadfellaz,deadfellaz,7377,DeadFellaz #7377,7377,1350000000000000000,1.35,2022-06-30T23:35:25+00:00,1656632125,2022-06-23T23:35:25+00:00,2022-06-30T23:35:25+00:00,['DeadFellaz #7377'],0x8479069f9fd4457a17a1de41522c0c756add9094,0x8ab83d869f2bc250b781d26f6584fd5c562fdd9d,0xcf1dd0b1aceaa90106bf3c13f44150fa7a2268b8a58cac069d13f489c9e62737,https://opensea.io/assets/ethereum/0x2acab3dea77832c09420663b0e1cb386031ba17b/7377,0,0,0,263,0.3,0.49514563106796117,0.9,51,9,43,0.3,0.3,,,,,
deadfellaz,deadfellaz,5983,DeadFellaz #5983,5983,1100000000000000000,1.1,2022-08-31T23:38:18+00:00,1661989098,2022-08-24T23:38:18+00:00,2022-08-31T23:38:18+00:00,['DeadFellaz #5983'],0xe75be7d36f55e33584a4989cdd3d53a71eba5165,0xa6e2d299ca13115157462a1124453df391392d87,0x9c2704564b891d6fbcea8c159b129665c951a21d4994dc27ee9e791cae1eabff,https://opensea.io/assets/ethereum/0x2acab3dea77832c09420663b0e1cb386031ba17b/5983,0,0,0,269,0.4,0.6055045871559633,0.9,66,12,31,0.4,0.4,,,,,
deadfellaz,deadfellaz,278,DeadFellaz #278,278,775000000000000000,0.775,2022-10-31T22:34:11+00:00,1667255651,2022-10-24T22:34:11+00:00,2022-10-31T22:34:11+00:00,['DeadFellaz #278'],0x5807125460a6cc3757441927877ac56cf506dbbd,0x03d0c10f8bdc400ffe6203e281650f1b4a9278e9,,https://opensea.io/assets/ethereum/0x2acab3dea77832c09420663b0e1cb386031ba17b/278,0,0,0,248,0.3,0.39215686274509803,0.9,40,10,52,0.3,0.3,,,,,
deadfellaz,deadfellaz,6397,DeadFellaz #6397,6397,1250000000000000000,1.25,2022-12-31T23:20:11+00:00,1672528811,2022-12-24T23:20:11+00:00,2022-12-31T23:20:11+00:00,['DeadFellaz #6397'],0x85a5dd7d3b2c212d3647492683681a40b997401e,0x589817c221ddb826eb162f0473bb3dfc5c4a9215,0x33ace9f43cccc543ffbfe5e851021c05b8867f2531d732554c14d628dee4b44b,https://opensea.io/assets/ethereum/0x2acab3dea77832c09420663b0e1cb386031ba17b/6397,0,0,0,14,0.6,0.6666666666666666,0.9,4,0,2,0.6,0.6,,,,,
sandbox,slokh,92005,"LAND (1, 21)",92005,280000000000000000,0.28,2020-02-29T10:38:52+00:00,1582972732,2020-02-22T10:38:52+00:00,2020-02-29T10:38:52+00:00,"['LAND (1, 21)']",0x8332ab2043fc667ebfae07c6b0e24390fdd01d2b,0x925437ead20d406ab091e8308324b4bd37e4f477,0xda9056b86e956a2be5bd78d51bf0800043e4bfd853228a07b46bca992eb94a59,https://opensea.io/assets/ethereum/0x50f5474724e0ee42d9a4e711ccfb275809fd6d4a/92005,0,0,0,145,0.3,0.3333333333333333,0.9,13,4,22,0.3,0.3,,,,,
sandbox,slokh,90833,"LAND (53, 18)",90833,300000000000000000,0.3,2020-04-29T00:58:21+00:00,1588121901,2020-04-22T00:58:21+00:00,2020-04-29T00:58:21+00:00,"['LAND (53, 18)']",0x6486b9978194a3f2292c223df54368a7d2effe4d,0xa6fa84563a41ee25944a69c0d02c5337ad05d0b1,0x1aac6771e91cbbb405db27414d2997face14125e8ab440b654e8f5e4f2caa66c,https://opensea.io/assets/ethereum/0x50f5474724e0ee42d9a4e711ccfb275809fd6d4a/90833,0,0,0,136,0.3,0.23255813953488372,0.9,10,5,28,0.3,0.3,,,,,
sandbox,slokh,8399,"LAND (35, -184)",8399,183000000000000000,0.183,2020-06-30T23:54:20+00:00,1593561260,2020-06-23T23:54:20+00:00,2020-06-30T23:54:20+00:00,"['LAND (35, -184)']",0x9a78fae55098965337404e5932aa5ffc9dde4b9f,0xe39cb745e8db0da1be665adb2eab58f4fd600927,0x064ea8bc6ddb6e4910f91bc856bf5a54f4aeec1e98c5d70643dcc69fde900dae,https://opensea.io/assets/ethereum/0x50f5474724e0ee42d9a4e711ccfb275809fd6d4a/8399,0,0,0,132,0.3,0.34146341463414637,0.9,14,3,24,0.3,0.3,,,,,
sandbox,slokh,82489,"LAND (-131, -2)",82489,340000000000000000,0.34,2020-10-31T23:56:39+00:00,1604188599,2020-10-24T23:56:39+00:00,2020-10-31T23:56:39+00:00,"['LAND (-131, -2)']",0xdbd3b0f6a8a9eb2bb5d968d26e5565a4448919ac,0x4155e723e23a1befe95da0a231bdbb075c0afd18,0x05d0fb257ff1bc1b69a4ae1abf489104444654dd4b0078881621d315e08fe463,https://opensea.io/assets/ethereum/0x50f5474724e0ee42d9a4e711ccfb275809fd6d4a/82489,0,0,0,206,0.3,0.46153846153846156,0.9,36,4,38,0.3,0.3,,,,,
sandbox,slokh,29684,"LAND (104, -132)",29684,399000000000000000,0.399,2021-04-30T23:20:16+00:00,1619824816,2021-04-23T23:20:16+00:00,2021-04-30T23:20:16+00:00,"['LAND (104, -132)']",0xfeefb03a6d0787a99109c36c1870f80ec13349fb,0x90ce22bc9054afe794a0b1c5636fe91da0f8eda5,0x17cf2a9745f546d3363d86921adb313417a1cb2520dcd76ec0b09dda99b44400,https://opensea.io/assets/ethereum/0x50f5474724e0ee42d9a4e711ccfb275809fd6d4a/29684,0,0,0,233,0.4,0.48514851485148514,0.9,49,7,45,0.4,0.4,,,,,
sandbox,slokh,25314,"LAND (-186, -142)",25314,669000000000000000,0.669,2021-08-31T23:31:10+00:00,1630452670,2021-08-24T23:31:10+00:00,2021-08-31T23:31:10+00:00,"['LAND (-186, -142)']",0xe368a7dda63936275a0a58f93ce36be0c9676e85,0xac696befb95b16b302f7befd2e6052b162a9fa0e,0x204cc851d1f701685925533d4f7f1a965ad5e371b21e7aa1ccea97546dcb4ef9,https://opensea.io/assets/ethereum/0x50f5474724e0ee42d9a4e711ccfb275809fd6d4a/25314,0,0,0,265,0.4,0.49074074074074076,0.9,53,9,46,0.4,0.4,,,,,
